basename,yield,solvent1,solvent2,solvent3,solvent4,solvent5,sol_molratio1,sol_molratio2,sol_molratio3,sol_molratio4,sol_molratio5,additive1,additive2,additive3,additive4,additive5,temperature_Celsius,time_h,core_All_Metals,counterions1,counterions2,counterions3,linker_1,linker_2
OFODET,73.0,CN(C)C=O,C(CO)O,O,,,0.532,0.184,0.284,,,Cl,,,,,55,48,Mn,Cl,,,[O-]C(=O)c1cc([N][N]c2cc(cc(c2)C(=O)O)C(=O)O)cc(c1)C(=O)[O-],
XAVKIR,50.6,CN(C)C=O,O,,,,0.539,0.461,,,,Cl,,,,,55,120,Cu,NO3,,,O=C(c1cncc(c1)C(=O)Nc1ccc2c(c1)ccc(c2)C(=O)[NH2]c1cc(cc(c1)C(=O)[O-])C(=O)[O-])Nc1ccc2c(c1)ccc(c2)C(=O)[NH2]c1cc(cc(c1)C(=O)[O-])C(=O)[O-],
LATPIG,68.0,O,,,,,1.0,,,,,,,,,,160,72,Zn,F,,,[N]1C=NN=C1,
MOYYIJ,80.0,CN(C)C=O,O,CCO,,,0.556,0.339,0.105,,,,,,,,60,48,Cu,NO3,,,[O-]C(=O)c1ccc(cc1)c1cccc(c1)C(=O)[O-],
OFOCUI,61.0,CN(C)C=O,CCO,O,,,0.377,0.3,0.323,,,[N+](=O)(O)[O-],,,,,60,48,Cu,NO3,,,[O-]C(=O)c1cc([N][N]c2cc(cc(c2)C(=O)[O-])C(=O)[O-])cc(c1)C(=O)[O-],
ALATAK,,O,,,,,1.0,,,,,,,,,,60,72,Ca,CO3,,,O=C1[CH]C(=O)C(=O)[CH]C1=O,
RUFZID,,CN(C)C=O,CO,O,,,0.139,0.265,0.596,,,,,,,,60,72,Cu,NO3,,,CC1=NN=C([N]1)C,[O-]C(=O)c1ccc(cc1)C(=O)[O-]
OPENUT,42.0,CN(C)C=O,O,,,,0.319,0.681,,,,,,,,,60,96,Eu,NO3,,,[O-]C(=O)c1cccc(c1)C(=O)[O-],
INOVEN,45.0,CCO,CN(C)C=O,,,,0.515,0.485,,,,,,,,,60,168,Gd,NO3,,,[O-]C(=O)c1ccc(cc1)[N][N]c1cc(cc(c1)C(=O)[O-])C(=O)[O-],
YEMJAC,76.0,CN(C)C=O,CCO,,,,0.79,0.21,,,,[N+](=O)(O)[O-],CCCCNCCCC,,,,60,168,Dy,NO3,,,[O-]C(=O)c1cc(cc(c1)C(=O)[O-])C(=O)[O-],
QUQFIS,59.2,CN(C)C=O,CO,O,,,0.462,0.439,0.099,,,,,,,,65,24,Zn,NO3,,,[O-]C(=O)c1cc(cc(c1)C(=O)[O-])c1cc(cc(c1)c1cc(cc(c1)C(=O)[O-])C(=O)[O-])c1cc(cc(c1)C(=O)[O-])C(=O)[O-],
QUQFOY,57.2,CN(C)C=O,CCO,,,,0.601,0.399,,,,,,,,,65,24,Cd,NO3,,,[O-]C(=O)c1cc(cc(c1)C(=O)[O-])c1cc(cc(c1)c1cc(cc(c1)C(=O)[O-])C(=O)[O-])c1cc(cc(c1)C(=O)[O-])C(=O)[O-],
YUGLES,,CN(C)C=O,CS(=O)C,,,,0.479,0.521,,,,[N+](=O)(O)[O-],,,,,65,24,Cu,NO3,,,[O-]C(=O)c1cc(C#Cc2cc(cc(c2)C(=O)[O-])C(=O)[O-])cc(c1)C(=O)[O-],
EBUREA,20.0,O,,,,,1.0,,,,,[OH-].[Na+],,,,,65,48,Mn,Cl,,,[O-]C(=O)c1ccc(cc1)[N][N]c1cc(cc(c1)C(=O)[O-])C(=O)[O-],
LIKGUJ,75.0,CN(C)C=O,O,,,,0.319,0.681,,,,Cl,,,,,65,48,Cu,NO3,,,O=C1OC(=O)C2=C3C1=[C]C1=C4[C]3C3=C([C]=C4C(=O)OC1=O)C(=O)OC(=O)C3=[C]2,O=C1OC(=O)C2=C3[C]1[C]=C1C(=O)OC(=O)C4=[C]C5=C(C3=C14)C(=[C]2)C(=O)OC5=O
QOZPEC,50.0,CN(C)C=O,O,CO,,,0.618,0.264,0.117,,,[H+].[B-](F)(F)(F)F,,,,,65,48,Cd,Cl,,,,
QOZPIG,39.0,CN(C)C=O,,,,,1.0,,,,,[H+].[B-](F)(F)(F)F,,,,,65,48,Cd,Cl,,,[O-]C(=O)c1cc(C(=O)Nn2cnnc2)c(cc1C(=O)Nn1cnnc1)C(=O)[O-],
GERWEH,30.0,O,CN(C)C=O,,,,0.895,0.105,,,,,,,,,70,72,"Cu,Si",NO3,,,[O-]C(=O)c1cc(cc(c1)C(=O)[O-])[Si](c1cc(cc(c1)C(=O)[O-])C(=O)[O-])(c1cc(cc(c1)C(=O)[O-])C(=O)[O-])c1cc(cc(c1)C(=O)[O-])C(=O)[O-],
PUWDAM,63.0,CN(C)C=O,CCO,O,,,0.174,0.231,0.595,,,,,,,,70,72,Zn,NO3,,,,
RUGZAW,,CN(C)C=O,CCO,O,,,0.349,0.154,0.497,,,,,,,,70,72,Zn,NO3,,,NC1=[N]=C(N=N1)N,[O-]C(=O)c1ccc(cc1)c1cc(cc(n1)c1ccc(cc1)C(=O)[O-])c1ccncc1
YAVWUQ,,CN(C)C=O,,,,,1.0,,,,,Cl,,,,,70,96,Cu,NO3,,,[O-]C(=O)c1cc(cc(c1)C(=O)[O-])c1nnc([nH]1)c1cc(cc(c1)C(=O)[O-])C(=O)[O-],[O-]C=O
LELROL,,CN(C)C=O,CO,,,,0.345,0.655,,,,,,,,,70,192,Mn,Cl,,,[N]1N=NC(=N1)c1ccc(cc1)C12CC3(CC(C2)(CC(C1)(C3)c1ccc(cc1)C1=NN=N[N]1)c1ccc(cc1)C1=NN=N[N]1)c1ccc(cc1)C1=N[N]N=N1,
XUGROI,42.0,CCN(CC)C=O,O,,,,0.379,0.621,,,,Cl,,,,,75,24,Cu,NO3,,,[O-]C(=O)c1cccc(c1)c1cc(c2cccc(c2)C(=O)[O-])c(cc1c1cccc(c1)C(=O)[O-])c1cccc(c1)C(=O)[O-],
YAFJEX,,CN(C)C=O,,,,,1.0,,,,,[H+].[B-](F)(F)(F)F,,,,,75,24,Cu,NO3,,,,
ZIKJOU,42.0,CN(C)C=O,CO,,,,0.345,0.655,,,,[H+].[B-](F)(F)(F)F,,,,,75,60,Cu,NO3,,,[O-]C(=O)c1cc(cc(c1)C(=O)[O-])N(Cc1ccc(cc1)C(=O)[O-])Cc1ccc(cc1)C(=O)[O-],
ZIKJIO,39.0,CN(C)C=O,,,,,1.0,,,,,[H+].[B-](F)(F)(F)F,,,,,75,36,Cu,NO3,,,[O-]C(=O)c1cc(cc(c1)C(=O)[O-])N(Cc1ccc(cc1)C(=O)[O-])Cc1ccc(cc1)C(=O)[O-],
DOZCEC,51.0,CCN(CC)C=O,CO,,,,0.268,0.732,,,,Cl,,,,,75,48,Mn,Cl,,,Cl[Mn]123(Cl)[N]4=C5C=CC4=C(c4n2c(C(=C2[N]1=C(C=C2)C(=c1n3c(=C5c2ccc(cc2)C2=NN=N[N]2)cc1)c1ccc(cc1)C1=NN=N[N]1)c1ccc(cc1)C1=NN=N[N]1)cc4)c1ccc(cc1)C1=NN=N[N]1,
ECIWIW,53.0,CCO,,,,,1.0,,,,,,,,,,130,48,Cd,ClO4,,,[O-]C(=O)c1ccc(cc1)c1ccncc1,
HOZTOG,32.0,CC#N,CN(C)C=O,,,,0.748,0.252,,,,,,,,,75,48,"W,Cu",unknown,unknown,,n1ccn(c1)C1=NC(=[N]=C([N]1)n1ccnc1)n1ccnc1,
LUCKAX,60.0,CN(C)C=O,CCO,O,,,0.193,0.256,0.551,,,,,,,,75,48,Cd,NO3,,,,
CAYQUQ,,CN(C)C=O,O,,,,0.483,0.517,,,,Cl,,,,,80,18,Cu,ClO4,,,,
BAZFUF,,CN(C)C=O,CCO,,,,0.43,0.57,,,,C1=CC=C(C=C1)C(=O)O,C1=CC=NC=C1,,,,80,24,Cu,NO3,,,[O-]C(=O)c1ccc(cc1)c1cc(cc(c1)c1ccc(cc1)C(=O)[O-])c1ccc(cc1)C(=O)[O-],
HOZFIN,,C1COCCO1,CCOCCO,,,,0.533,0.467,,,,,,,,,80,24,Li,OH,,,,
REDROI,90.0,CN(C)C=O,,,,,1.0,,,,,OO,,,,,80,24,Zn,NO3,,,[O-]C(=O)c1ccc(cc1)C(=O)[O-],
SUKYIH,,CCN(CC)C=O,O,,,,0.328,0.672,,,,Cl,,,,,80,24,Cu,NO3,,,[O-]C(=O)c1ccc(cc1)C(c1ccc(cc1)C(=O)[O-])(c1ccc(cc1)C(=O)[O-])c1ccc(cc1)C(=O)[O-],
TANMIH,60.0,CCN(CC)C=O,O,,,,0.14,0.86,,,,,,,,,80,24,Co,OAc,,,[O-]C(=O)c1n(cnc1C(=O)[O-])Cc1ccc(cc1)C(=O)[O-],
WOGHEG,60.0,CN(C)C=O,,,,,1.0,,,,,,,,,,80,24,Zn,NO3,,,[O-]C(=O)C=Cc1ccc(cc1)C(=O)[O-],n1ccc(cc1)c1nnc(nn1)c1ccncc1
ZEBMAW,27.5,CN(C)C=O,O,,,,0.419,0.581,,,,,,,,,80,24,"Si,Ce",,NO3,,[O-]C(=O)c1ccc(cc1)[Si](c1ccc(cc1)C(=O)O)(c1ccc(cc1)C(=O)[O-])c1ccc(cc1)C(=O)[O-],
ZEBMEA,77.5,CN(C)C=O,CCO,O,,,0.196,0.26,0.544,,,,,,,,80,24,"Eu,Si",NO3,,,,
ADASAB,,CN(C)C=O,,,,,1.0,,,,,,,,,,80,40,Cu,,,,[O-]C(=O)c1ccc(cc1)c1cc(cc(c1)c1ccc(cc1)C(=O)[O-])C1=NN=N[N]1,
APAZOI,39.0,CN(C)C=O,CO,O,,,0.403,0.382,0.215,,,,,,,,80,48,La,NO3,,,[O-]C(=O)c1ccc(cc1)c1cc(cc(c1)C(=O)[O-])C(=O)[O-],
BOSHIC,65.0,CN(C)C=O,CC#N,O,,,0.343,0.169,0.488,,,Cl,,,,,80,48,Cu,NO3,,,,
CAYQIE,,CCN(CC)C=O,O,,,,0.661,0.339,,,,Cl,,,,,80,48,Cu,ClO4,,,,
DIVSUY,57.0,CN(C)C=O,CCO,O,,,0.193,0.256,0.551,,,,,,,,80,48,Eu,NO3,,,[O-]C(=O)c1ccc(cc1)c1cc(cc(c1)C(=O)[O-])C(=O)[O-],
GABYUG,,CN(C)C=O,CO,,,,0.345,0.655,,,,Cl,,,,,80,48,Cd,Cl,,,,
GAXKOH,60.0,CN(C)C=O,,,,,1.0,,,,,[N+](=O)(O)[O-],[OH-].[K+],,,,80,48,"Cd,K",NO3,,,[O-]C(=O)c1cccc(c1)c1ccncc1,
IFUPAC,,CN(C)C=O,O,CCO,,,0.196,0.544,0.26,,,,,,,,80,48,Eu,NO3,,,,
IYOQAQ,70.0,CN(C)C=O,O,,,,0.19,0.81,,,,,,,,,80,48,Zn,NO3,,,[O-]C(=O)c1cc(cc(c1)C1=NN=N[N]1)C(=O)[O-],
OQETEK,,CN(C)C=O,O,CCO,,,0.196,0.544,0.26,,,,,,,,80,48,Yb,NO3,,,[O-]C(=O)c1ccc(cc1)c1cc(cc(c1)C(=O)[O-])C(=O)[O-],
QEBKUF,,CN(C)C=O,O,,,,0.412,0.588,,,,Cl,,,,,80,48,Zn,NO3,,,[O-]C(=O)c1ccc(cc1)c1cc(cc(c1)C(c1cc(cc(c1)c1ccc(cc1)C(=O)O)c1ccc(cc1)C(=O)[O-])(c1cc(cc(c1)c1ccc(cc1)C(=O)O)c1ccc(cc1)C(=O)[O-])c1cc(cc(c1)c1ccc(cc1)C(=O)O)c1ccc(cc1)C(=O)[O-])c1ccc(cc1)C(=O)O,[O-]C(=O)c1ccc(cc1)c1cc(cc(c1)c1ccc(cc1)C(=O)[O-])C(c1cc(cc(c1)c1ccc(cc1)C(=O)[O-])c1ccc(cc1)C(=O)[O-])(c1cc(cc(c1)c1ccc(cc1)C(=O)[O-])c1ccc(cc1)C(=O)[O-])c1cc(cc(c1)c1ccc(cc1)C(=O)[O-])c1ccc(cc1)C(=O)[O-]
TEMPAE,64.0,CN(C)C=O,,,,,1.0,,,,,,,,,,80,48,Zn,NO3,,,[O-]C(=O)c1cc(C)c(c(c1)C)c1c(C)cc(cc1C)C(=O)[O-],
TORPUN,,CN(C)C=O,O,CCO,,,0.196,0.544,0.26,,,,,,,,80,48,Tb,NO3,,,O=C(c1ccc(cc1)C(=O)[O-])c1cc(cc(c1)C(=O)c1ccc(cc1)C(=O)[O-])C(=O)c1ccc(cc1)C(=O)[O-],
ZUDQUM,,CN(C)C=O,O,,,,0.26,0.74,,,,,,,,,80,48,Mn,CH3COO,,,[O-]C(=O)c1cc(cc(c1)C(=O)[O-])C(=O)[O-],
AQIXUV,48.0,CN(C)C=O,O,,,,0.319,0.681,,,,,,,,,80,72,Ni,NO3,,,[O-]C(=O)c1ccc(cc1)OCc1c(C)c(COc2ccc(cc2)C(=O)[O-])c(c(c1C)COc1ccc(cc1)C(=O)O)C,n1ccc(cc1)C=Cc1ccncc1
BUSRUE,88.0,CN(C)C=O,,,,,1.0,,,,,,,,,,80,72,Cd,NO3,,,O=C1N(c2ccncc2)C(=O)c2c3c1ccc1c3c(cc2)C(=O)N(C1=O)c1ccncc1,[O-]C(=O)c1ccc(cc1)c1ccc(cc1)C(=O)[O-]
CUYQIX,39.0,O,,,,,1.0,,,,,,,,,,80,72,Zn,SO4,,,[O-]C(=O)C(CC(=O)[O-])CC(=O)[O-],n1ccc(cc1)CN1CCN(CC1)Cc1ccncc1
EJOQOL,55.0,CN(C)C=O,O,,,,0.072,0.928,,,,,,,,,80,72,"Cu,K",Cl,,,[O-]C(=O)c1c(cccc1C(=O)[O-])Oc1cc(cc(c1)C(=O)[O-])C(=O)[O-],
GOVWOF,45.0,CCN(CC)C=O,,,,,1.0,,,,,,,,,,80,72,Mn,Cl,,,[O-]C(=O)c1cc(OCc2c(COc3cc(cc(c3)C(=O)[O-])C(=O)[O-])c(COc3cc(cc(c3)C(=O)[O-])C(=O)[O-])c(c(c2COc2cc(cc(c2)C(=O)[O-])C(=O)[O-])COc2cc(cc(c2)C(=O)[O-])C(=O)[O-])COc2cc(cc(c2)C(=O)[O-])C(=O)[O-])cc(c1)C(=O)[O-],
HAJDII,,CN(C)C=O,O,,,,0.19,0.81,,,,,,,,,80,72,Tb,NO3,,,[O-]C(=O)c1ccc(cc1)Oc1ccc(cc1)C(=O)[O-],
HOVQAM,33.0,O,,,,,1.0,,,,,[OH-].[Na+],,,,,80,72,Co,ClO4,,,,
HUCFAO,36.0,O,CC(=O)N(C)C,CO,,,0.61,0.119,0.271,,,,,,,,80,72,Mn,OAc,,,[O-]C(=O)CCn1c(=O)n(CCC(=O)[O-])c(=O)n(c1=O)CCC(=O)[O-],[O-]C(=O)CCn1c(=O)n(C[CH]C(=O)[O-])c(=O)n(c1=O)C[CH]C(=O)[O-]
ILAGUY,67.0,O,,,,,1.0,,,,,,,,,,80,72,Cd,ClO4,,,,
IVARUT,36.0,O,,,,,1.0,,,,,,,,,,80,72,Cd,Cl,,,[O-]C(=O)CCc1ccc(cc1)CCC(=O)[O-],n1ccc(cc1)CN1CCN(CC1)Cc1ccncc1
KEWBUL,72.0,CN(C)C=O,CCO,O,,,0.419,0.222,0.358,,,,,,,,80,72,Eu,NO3,,,[O-]C(=O)c1ccc2-c3c(C(c2c1)(C)C)cc(cc3)C(=O)[O-],
LAWHOJ,72.0,CN(C)C=O,O,CCO,,,0.054,0.931,0.014,,,,,,,,80,72,Cd,Cl,,,[O-]C(=O)c1ccc(c2c1nsn2)C(=O)[O-],
LIDSIC,,CN(C)C=O,CCO,O,,,0.193,0.256,0.551,,,,,,,,80,72,Co,NO3,,,,
MATPOP,50.0,O,CC(=O)N(C)C,,,,0.562,0.438,,,,,,,,,80,72,"Tb,Zn",ClO4,Cl,,[O-]C(=O)c1ccc(nc1)c1ccc(cn1)C(=O)[O-],
MATPUV,50.0,O,CC(=O)N(C)C,,,,0.562,0.438,,,,,,,,,80,72,"Tb,Co",ClO4,Cl,,[O-]C(=O)c1ccc(nc1)c1ccc(cn1)C(=O)[O-],
MOTVOI,74.0,CN(C)C=O,CCO,CC#N,O,,0.373,0.198,0.111,0.319,,,,,,,80,72,Eu,NO3,,,[O-]C(=O)c1ccc2-c3c(C(c2c1)(C)O)cc(cc3)C(=O)[O-],
NAHHOW,56.0,CN(C)C=O,CC#N,O,,,0.581,0.287,0.132,,,Cl,,,,,80,72,Cu,NO3,,,,
SUKKUG,53.0,CN(C)C=O,CC#N,O,,,0.581,0.287,0.132,,,Cl,,,,,80,72,Cu,Cl,,,,
USORUR,82.0,CCN(CC)C=O,O,,,,0.494,0.506,,,,,,,,,80,72,Zn,NO3,,,[O-]C(=O)c1ccc(cc1)Oc1cc(cc(c1)Oc1ccc(cc1)C(=O)[O-])Oc1ccc(cc1)C(=O)[O-],
VEZWEE,20.0,CO,O,,,,0.471,0.529,,,,,,,,,80,72,Mn,ClO4,,,[N][N][N],[O-]C(=O)C1=C[CH]N(C=C1)CCCCN1[CH]C=C(C=C1)C(=O)[O-]
VOGPEO,,CN(C)C=O,O,,,,0.678,0.322,,,,[N+](=O)(O)[O-],,,,,80,72,Cu,NO3,,,[O-]C(=O)[C]1C2C3C2([CH]C2(C1C2[C]3C(=O)[O-])c1cc(cc(c1)C(=O)[O-])C(=O)[O-])c1cc(cc(c1)C(=O)[O-])C(=O)[O-],[O-]C(=O)c1cc(cc(c1)c1cc(cc(c1)C(=O)[O-])C(=O)[O-])c1cc(cc(c1)C(=O)[O-])C(=O)[O-]
VOQXIK,,CCO,CN1CCCC1=O,,,,0.355,0.645,,,,,,,,,80,72,Li,OH,,,,
ZUDQEW,,CN(C)C=O,O,,,,0.26,0.74,,,,,,,,,80,72,Cd,NO3,,,C1CN2CCN1CC2,[O-]C(=O)c1cc(cc(c1)C(=O)[O-])C(=O)[O-]
ZUDRAT,,CN(C)C=O,O,,,,0.26,0.74,,,,,,,,,80,72,Mn,CH3COO,,,[O-]C(=O)c1cc(cc(c1)C(=O)[O-])C(=O)[O-],
NAWDUN,70.0,CN(C)C=O,CCO,O,,,0.349,0.154,0.497,,,Cl,,,,,80,96,Cu,NO3,,,CCC(CC1(CC(CC)C)c2cc(ccc2-c2c1cc(cc2)c1cc(cc(c1)C(=O)[O-])C(=O)[O-])c1cc(cc(c1)C(=O)[O-])C(=O)[O-])C,CCC(CC1(CC(CC)[C])c2cc(ccc2-c2c1cc(cc2)c1cc(cc(c1)C(=O)[O-])C(=O)[O-])c1cc(cc(c1)C(=O)[O-])C(=O)[O-])C
DIMQIB,,CN(C)C=O,CC#N,,,,0.669,0.331,,,,,,,,,80,120,Co,NO3,,,,
AVAQIX,43.0,CN(C)C=O,,,,,1.0,,,,,,,,,,80,504,Cd,NO3,,,[O-]C(=O)c1ccncc1,
ADASOP,,CN(C)C=O,CN1CCCC1=O,,,,0.555,0.445,,,,,,,,,85,12,Zn,NO3,,,[O-]C(=O)c1cc(OCc2cc(COc3cc(cc(c3)C(=O)[O-])C(=O)[O-])cc(c2)COc2cc(cc(c2)C(=O)[O-])C(=O)[O-])cc(c1)C(=O)[O-],
ADATIK,,CN(C)C=O,,,,,1.0,,,,,,,,,,85,12,Cu,NO3,,,O=C(c1ccc(cc1)C1=NN=N[N]1)Nc1cc(cc(c1)C(=O)[O-])C(=O)[O-],O=C(c1ccc(cc1)C1=N[N]N=N1)Nc1cc(cc(c1)C(=O)[O-])C(=O)[O-]
RIDCEN,72.0,CN(C)C=O,CC#N,,,,0.574,0.426,,,,[N+](=O)(O)[O-],,,,,85,12,In,NO3,,,[O-]C(=O)c1cc(N=Nc2cc(cc(c2)C(=O)[O-])C(=O)[O-])cc(c1)C(=O)[O-],
RUVKAV,64.0,CN(C)C=O,CCO,O,,,0.263,0.174,0.562,,,[N+](=O)(O)[O-],,,,,85,12,Cu,NO3,,,[O-]C(=O)c1cc(C#CC#Cc2cc(cc(c2)C(=O)[O-])C(=O)[O-])cc(c1)C(=O)[O-],
ZOGBAA,,CN(C)C=O,,,,,1.0,,,,,[N+](=O)(O)[O-],,,,,85,12,In,NO3,,,,
WIJXIY,,CCN(CC)C=O,,,,,1.0,,,,,,,,,,85,16,Zn,NO3,,,[O-]C(=O)c1ccc2c(c1)[nH]c1c2ccc(c1)C(=O)[O-],
EYACOX,,CN(C)C=O,CO,,,,0.678,0.322,,,,[N+](=O)(O)[O-],,,,,85,17,Eu,NO3,,,[O-]C(=O)c1cc(C#CC#Cc2cc(cc(c2)C(=O)[O-])C(=O)[O-])cc(c1)C(=O)[O-],
AROFAP,81.0,CN(C)C=O,O,,,,0.319,0.681,,,,,,,,,85,24,Cd,NO3,,,[O-]C(=O)c1ccc(cc1)OCC(COc1ccc(cc1)C(=O)[O-])(COc1ccc(cc1)C(=O)[O-])COc1ccc(cc1)C(=O)[O-],
DOZKIO,80.0,CN(C)C=O,O,,,,0.626,0.374,,,,[N+](=O)(O)[O-],,,,,85,24,Eu,NO3,,,[O-]C(=O)c1cc(cc(c1)C(=O)[O-])c1cc(c2cc(cc(c2)C(=O)[O-])C(=O)[O-])c2c3c1ccc1c3c(cc2)c(cc1c1cc(cc(c1)C(=O)[O-])C(=O)[O-])c1cc(cc(c1)C(=O)[O-])C(=O)[O-],
EXAXAE,,CN(C)C=O,,,,,1.0,,,,,[N+](=O)(O)[O-],,,,,85,24,Cu,I,,,[O-]C(=O)c1cncc(c1)C(=O)[O-],
OVEDAW,,CN(C)C=O,,,,,1.0,,,,,[N+](=O)(O)[O-],,,,,85,24,Cu,I,,,,
QIPROY,75.0,O,CC#N,,,,0.742,0.258,,,,,,,,,85,24,Cu,OAc,,,c1ccc(cn1)OCC(COc1cccnc1)(COc1cccnc1)COc1cccnc1,
YUMFUJ,,CS(=O)C,O,,,,0.277,0.723,,,,,,,,,85,24,La,NO3,,,[O-]C(=O)C1=[C][C]=C([C]=[C]1)C1=[C][C]=C([C]=[C]1)C1=[C]C(=[C]C(=[C]1)C(=O)[O-])C(=O)[O-],
ADARAA,70.0,CN(C)C=O,CCO,O,,,0.248,0.329,0.424,,,,,,,,85,48,Co,NO3,,,[O-]C(=O)c1cc(cc(c1)C1=C2C=CC3=[N]2[Co]24n5c1ccc5C(=C1[N]2=C(C=C1)C(=c1n4c(=C3c2c(Br)cccc2Br)cc1)c1cc(cc(c1)C(=O)[O-])C(=O)[O-])c1c(Br)cccc1Br)C(=O)[O-],
BAZFUF,33.0,CN(C)C=O,CN1CCCC1=O,C1=CC=NC=C1,,,0.532,0.427,0.041,,,,,,,,85,48,Cu,NO3,,,[O-]C(=O)c1ccc(cc1)c1cc(cc(c1)c1ccc(cc1)C(=O)[O-])c1ccc(cc1)C(=O)[O-],
BAZGAM,77.0,CN(C)C=O,CN1CCCC1=O,C1=CC=NC=C1,,,0.532,0.427,0.041,,,,,,,,85,48,Cu,NO3,,,[O-]C(=O)c1ccc(cc1)c1ccc(cc1)c1cc(cc(c1)c1ccc(cc1)c1ccc(cc1)C(=O)[O-])c1ccc(cc1)c1ccc(cc1)C(=O)[O-],
BAZGEQ,26.0,CN(C)C=O,CN1CCCC1=O,,,,0.555,0.445,,,,,,,,,85,48,Cu,NO3,,,[O-]C(=O)c1ccc(cc1)c1ccc(cc1)C1=NC(=[N]=C([N]1)c1ccc(cc1)c1ccc(cc1)C(=O)[O-])c1ccc(cc1)c1ccc(cc1)C(=O)[O-],
CEJBEA,,CN(C)C=O,O,CCO,,,0.393,0.503,0.104,,,,,,,,85,48,Dy,NO3,,,[O-]C(=O)c1cccc(c1)C(=O)[O-],
FAGQAI,7.5,CN(C)C=O,,,,,1.0,,,,,,,,,,85,48,Cu,NO3,,,[O-]C(=O)c1ccc(cc1)C#Cc1cc(C#Cc2ccc(cc2)C(=O)[O-])cc(c1)C#Cc1ccc(cc1)C(=O)[O-],
FIHHUB,15.0,CN(C)C=O,CCO,,,,0.751,0.249,,,,[N+](=O)(O)[O-],,,,,85,48,Cd,NO3,,,,
KUHNEI,31.0,CC(=O)N(C)C,O,,,,0.226,0.774,,,,,,,,,85,48,Co,NO3,,,[O-]C(=O)c1cc(C(=O)[O-])c(cc1C(=O)[O-])C(=O)[O-],
UMAROR,36.0,CN(C)C=O,,,,,1.0,,,,,,,,,,85,48,Ag,NO3,,,[O-]C(=O)c1cc(c2ccc(cc2)C(=O)[O-])c(cc1c1ccc(cc1)C(=O)[O-])C(=O)[O-],
WISVEB,,O,CC(=O)N(C)C,,,,0.562,0.438,,,,[N+](=O)(O)[O-],,,,,85,48,Cd,NO3,,,[O-]C(=O)c1cc(N=Nc2cc(cc(c2)C(=O)[O-])C(=O)[O-])cc(c1)C(=O)[O-],
AROFET,52.0,CN(C)C=O,,,,,1.0,,,,,,,,,,85,72,Cd,NO3,,,[O-]C(=O)c1ccc(cc1)OCC(COc1ccc(cc1)C(=O)[O-])(COc1ccc(cc1)C(=O)[O-])COc1ccc(cc1)C(=O)[O-],
ECOLEP,40.2,CC(=O)N(C)C,CO,,,,0.305,0.695,,,,,,,,,85,72,Co,Ac,,,N1=NN=C([N]1)c1cc(cc(c1)C1=NN=N[N]1)C1=NN=N[N]1,
FIPKOG,,CN(C)C=O,O,,,,0.384,0.616,,,,[N+](=O)(O)[O-],,,,,85,72,Cd,Cl,,,O=C(c1ccc(cc1)C(=O)Nc1cc(cc(c1)C(=O)[O-])C(=O)[O-])Nc1cc(cc(c1)C(=O)[O-])C(=O)[O-],
NAJQUN,40.0,CN(C)C=O,O,,,,0.072,0.928,,,,,,,,,85,72,Mn,OAc,,,[O-]C(=O)c1cc(c2ccc(cc2)C(=O)[O-])c(cc1C(=O)[O-])c1ccc(cc1)C(=O)[O-],
NATFAS,40.0,O,CN(C)C=O,CCO,,,0.479,0.224,0.297,,,,,,,,85,72,Zn,OAc,,,[O-]C(=O)c1cc(C(=O)[O-])c(cc1C(=O)[O-])C(=O)[O-],
VIXTUT,23.0,CN(C)C=O,,,,,1.0,,,,,,,,,,85,72,Zn,NO3,,,[O-]C(=O)CCC(=O)[O-],n1ccc(cc1)CCc1ccncc1
WIPLOY,47.0,CN(C)C=O,O,,,,0.072,0.928,,,,,,,,,85,72,Eu,SO4,,,[O-]C(=O)c1cc(cc(c1)C(=O)[O-])c1ccc(cc1)c1cc(cc(c1)C(=O)[O-])C(=O)[O-],
WOPHIU,40.1,O,CN(C)C=O,,,,0.895,0.105,,,,,,,,,85,72,Zn,NO3,,,Nn1c(nnc1c1ccncc1)c1ccncc1,[O-]C(=O)c1cc(OCc2cccc(c2)COc2cc(cc(c2)C(=O)[O-])C(=O)[O-])cc(c1)C(=O)[O-]
WOPHIU,49.0,O,CN(C)C=O,,,,0.955,0.045,,,,,,,,,85,72,Zn,NO3,,,Nn1c(nnc1c1ccncc1)c1ccncc1,[O-]C(=O)c1cc(OCc2cccc(c2)COc2cc(cc(c2)C(=O)[O-])C(=O)[O-])cc(c1)C(=O)[O-]
YICGOI,56.0,CN(C)C=O,CC#N,O,,,0.06,0.177,0.764,,,,,,,,85,72,Co,NO3,,,[O-]C(=O)c1ccc(cc1)C(=O)[O-],n1ccc(cc1)c1ccc(cc1)N(c1ccc(cc1)c1ccncc1)c1ccc(cc1)c1ccncc1
KIKFIV,36.0,CN(C)C=O,O,,,,0.319,0.681,,,,[N+](=O)(O)[O-],,,,,85,96,Eu,NO3,,,[O-]C(=O)c1ccc(cc1)C#Cc1c2ccccc2c(c2c1cccc2)C#Cc1ccc(cc1)C(=O)[O-],
OYIVEY,54.0,CN(C)C=O,CCO,,,,0.531,0.469,,,,,,,,,85,96,Cu,NO3,,,,
USOXEH,65.0,CN(C)C=O,O,CO,,,0.245,0.523,0.232,,,CC(=O)O,,,,,85,96,"Cu,Zn",NO3|I,OAc,,C1=C[N]C=N1,C1=N[CH]C=N1
MURBEI,,CCN(CC)C=O,,,,,1.0,,,,,[N+](=O)(O)[O-],,,,,85,120,In,NO3,,,[O-]C(=O)c1cc(cc(c1)C(=O)[O-])c1cc(cc(c1)C(=O)[O-])C(=O)[O-],
KUNMUD,63.0,CO,O,,,,0.4,0.6,,,,,,,,,90,72,Cd,BF4,,,Nn1c(nnc1c1cccc(c1)c1ccncc1)c1cccc(c1)c1ccncc1,
UKOLOV,55.0,CN(C)C=O,CCO,O,,,0.417,0.138,0.445,,,,,,,,90,20,Zn,NO3,,,,
BINROH,71.0,CCN(CC)C=O,O,,,,0.619,0.381,,,,Cl,,,,,90,24,Cu,NO3,,,[O-]C(=O)c1ccc2c(c1)ccc(c2)c1cc(cc(c1)c1ccc2c(c1)ccc(c2)C(=O)[O-])c1ccc2c(c1)ccc(c2)C(=O)[O-],
DINNIZ,30.0,CN(C)C=O,CCO,,,,0.43,0.57,,,,,,,,,90,24,Mn,Cl,,,[O-]C(=O)CCCCC(=O)[O-],
FECYIX,10.5,O,,,,,1.0,,,,,,,,,,90,24,Co,Cl,,,[O-]C(=O)C1SCC(N1)C(=O)[O-],
FIGQUJ,39.0,O,,,,,1.0,,,,,,,,,,90,24,Cu,NO3,,,O=C(c1ccncc1)Nc1cccnc1,[O-]C(=O)CCCC(=O)[O-]
IZEFEZ,62.0,CN(C)C=O,CCO,,,,0.43,0.57,,,,OCl(=O)(=O)=O,,,,,90,24,Cd,NO3,,,Oc1c2cc(cc1Cc1cc([N][N]c3cccc(c3)C(=O)[O-])cc(c1O)Cc1c(c(Cc3c(c(C2)cc([N][N]c2cccc(c2)C(=O)[O-])c3)O)cc(c1)[N][N]c1cccc(c1)C(=O)[O-])O)[N][N]c1cccc(c1)C(=O)[O-],
PUWDOA,,CN(C)C=O,CCO,O,,,0.267,0.354,0.38,,,,,,,,90,24,Zn,NO3,,,[O-]C(=O)c1ccc(cc1)c1cc(cc(c1)c1ccc(cc1)C(=O)O)c1ccc(cc1)C(=O)[O-],
UWUTIQ,82.0,CN(C)C=O,,,,,1.0,,,,,,,,,,90,24,Zn,NO3,,,[O-]C(=O)c1ccc(cc1)C(=O)[O-],[O-]C(=O)c1ccc(cc1)c1ccncc1
UXUYUI,,CO,,,,,1.0,,,,,,,,,,120,24,Li,tert-BuO,,,[O]c1ccncc1,
VIDJID,18.0,CN(C)C=O,CCO,O,,,0.655,0.261,0.084,,,,,,,,90,24,Co,NO3,,,,
HISGIB,38.17,CN(C)C=O,CCO,O,,,0.503,0.19,0.307,,,,,,,,90,48,Cs,Cl,,,[O-]C(=O)c1ccc(cc1)S(=O)(=O)c1ccc(cc1)C(=O)[O-],
OMUSAS,,CN(C)C=O,CO,,,,0.946,0.054,,,,,,,,,90,48,Zn,NO3,,,[C][C]C1([C][C])C2=[C]C(=[C][C]=C2c2c1c1C3=C(C(c1c1c2C([C][C])([C][C])C2=C1[C]=[C]C(=[C]2)C1=[C][C]=C([C]=[C]1)C(=O)[O-])([C][C])[C][C])[C]=C([C]=[C]3)C1=[C][C]=C([C]=[C]1)C(=O)[O-])C1=[C][C]=C([C]=[C]1)C(=O)[O-],[C][C]C1([C][C])C2=[C]C(=[C][C]=C2c2c1c1C3=[C][C]=C([C]=C3C(c1c1c2C([C][C])([C][C])C2=C1[C]=[C]C(=[C]2)C1=[C][C]=C([C]=[C]1)C(=O)[O-])([C][C])[C][C])C1=[C][C]=C([C]=[C]1)C(=O)[O-])C1=[C][C]=C([C]=[C]1)C(=O)[O-]
ROTQIC,70.0,CN(C)C=O,CCO,,,,0.43,0.57,,,,,,,,,90,48,Zn,NO3,,,C[C](n1c(=O)c2c(c1=O)cc1c(c2)c(=O)n(c1=O)[C](C(=O)[O-])C)C(=O)[O-],
SUKMAO,60.0,CN(C)C=O,CO,O,,,0.537,0.34,0.122,,,Cl,,,,,90,48,Cu,NO3,,,,
TAPHOJ,46.0,O,,,,,1.0,,,,,[OH-].[Na+],,,,,90,48,Zn,NO3,,,[O-]C(=O)c1cc(cc(c1)S([O])([O])[O])C(=O)[O-],n1ccc(cc1)C[NH]1CCN(CC1)Cc1ccncc1
TOHMIO,54.0,CN(C)C=O,CS(=O)C,,,,0.821,0.179,,,,,,,,,90,48,Eu,Cl,,,,
XOTSEG,50.0,CN(C)C=O,,,,,1.0,,,,,,,,,,90,48,Mn,Cl,,,[O-]C(=O)c1ccc(cc1)C#Cc1c(C)c(C#Cc2ccc(cc2)C(=O)[O-])c(c(c1C)C#Cc1ccc(cc1)C(=O)[O-])C,
QOJKAB,26.0,O,,,,,1.0,,,,,,,,,,90,68,Zn,O,,,[O-]C(=O)[O-],
AVESOL,65.0,CN(C)C=O,O,,,,0.539,0.461,,,,Cl,,,,,90,72,Zn,NO3,,,[O-]C(=O)c1cc(cc(c1)c1cc(cc(c1)C(=O)[O-])C(=O)[O-])c1cc(cc(c1)C(=O)[O-])C(=O)[O-],
AVETAY,70.0,CN(C)C=O,O,,,,0.539,0.461,,,,Cl,,,,,90,72,Zn,NO3,,,,
AVETEC,58.0,CN(C)C=O,O,,,,0.539,0.461,,,,Cl,,,,,90,72,Cd,NO3,,,[O-]C(=O)c1cc(cc(c1)C(=O)[O-])C1=C(C=[C][C]=C1)c1cc(cc(c1)C(=O)[O-])C(=O)[O-],[O-]C(=O)c1cc(cc(c1)C(=O)[O-])C1=C[C]=[C]C=C1c1cc(cc(c1)C(=O)[O-])C(=O)[O-]
BUCWAZ,69.0,CC(=O)N(C)C,O,,,,0.226,0.774,,,,,,,,,90,72,Cd,NO3,,,[O-]C(=O)c1cc(COc2cc(cc(c2)C(=O)[O-])C(=O)[O-])cc(c1)COc1cc(cc(c1)C(=O)[O-])C(=O)[O-],
GALCAZ,43.0,CN(C)C=O,CCO,,,,0.601,0.399,,,,CCN(CC)CC,,,,,90,72,Zn,NO3,,,[O-]C(=O)c1ccc(nc1)c1ccncc1,
LASWIN,47.0,CN(C)C=O,,,,,1.0,,,,,,,,,,90,72,Co,NO3,,,[O-]C(=O)c1cc(C(=O)[O-])c(cc1C(=O)[O-])C(=O)[O-],n1ccc(cc1)c1ccncc1
OKIPOO,66.0,CN(C)C=O,O,,,,0.412,0.588,,,,,,,,,90,72,Co,NO3,,,C1=CN([CH][N]1)c1ccc(cc1)Oc1ccc(cc1)n1ccnc1,[O-]C(=O)c1ccc(cc1)C(=O)[O-]
OKIPUU,76.0,CN(C)C=O,O,,,,0.412,0.588,,,,,,,,,90,72,Cd,NO3,,,[O-]C(=O)c1ccc(cc1)C(=O)[O-],c1ncn(c1)c1ccc(cc1)Oc1ccc(cc1)n1cncc1
REYPES,32.0,O,,,,,1.0,,,,,,,,,,90,72,Zn,OAc,,,,
VAXVEX,,O,CO,,,,0.871,0.129,,,,,,,,,90,72,Cd,ClO4,,,n1ncn(c1)c1ccc(cc1)CCc1ccc(cc1)n1cnnc1,
WUSLED,48.5,CN(C)C=O,O,,,,0.26,0.74,,,,,,,,,90,72,U,NO3|O,,,[O-]C(=O)c1ccc(cc1)P(=O)(c1ccc(cc1)C(=O)[O-])c1ccc(cc1)C(=O)[O-],
XOLGEM,40.0,O,CN(C)C=O,,,,0.81,0.19,,,,N,CCN(CC)CC,,,,90,72,"Li,Co",,OAc,,,
OWUWUA,23.0,CN(C)C=O,O,,,,0.319,0.681,,,,,,,,,90,96,"Na,Fe,Zn",Cl,Cl,Cl,[O]c1c(C=NCCN=Cc2cc(OCc3cc(cc(c3)C(=O)[O-])C(=O)[O-])cc(c2[O])C(C)(C)C)cc(cc1C(C)(C)C)OCc1cc(cc(c1)C(=O)[O-])C(=O)[O-],
IKUTIT,31.0,CN(C)C=O,,,,,1.0,,,,,,,,,,95,24,Dy,NO3,,,[O-]C(=O)c1cc(N)c(cc1N)C(=O)[O-],
IKUTOZ,45.0,CN(C)C=O,,,,,1.0,,,,,,,,,,95,24,Dy,NO3,,,[O-]C(=O)c1c2ccccc2c(c2c1cccc2)C(=O)[O-],[O-]C(=O)c1cc(N)c(cc1N)C(=O)[O-]
IKUTUF,29.0,CN(C)C=O,,,,,1.0,,,,,,,,,,95,24,Dy,NO3,,,N#Cc1cc(cc(c1)C(=O)[O-])C(=O)[O-],
YOZQAG,,CN(C)C=O,O,,,,0.94,0.06,,,,,,,,,95,24,Zn,NO3,,,[O-]C(=O)c1ccc2-c3c(S(=O)(=O)c2c1)cc(cc3)C(=O)[O-],
YOZQEK,,CN(C)C=O,,,,,1.0,,,,,,,,,,95,24,Zn,NO3,,,[O-]C(=O)c1ccc2-c3c(S(=O)(=O)c2c1)cc(cc3)C(=O)[O-],
ACAKUM,,O,,,,,1.0,,,,,,,,,,95,72,La,NO3,,,[O-]C(=O)c1cc(cc(c1)c1nnn(c1)c1cc(cc(c1)C(=O)O)C(=O)[O-])C(=O)[O-],
ACALIB,,O,,,,,1.0,,,,,,,,,,95,72,Er,NO3,,,[O-]C(=O)c1cc(cc(c1)n1nnc(c1)c1cc(cc(c1)C(=O)O)C(=O)[O-])C(=O)[O-],
AJAMEF,67.0,CC(=O)N(C)C,CC#N,O,,,0.087,0.466,0.447,,,,,,,,95,72,Co,NO3,,,[O-]C(=O)C1CCC(CC1)C(=O)[O-],n1cc(cc(c1)c1ccncc1)c1ccncc1
HEDTER,52.0,CN(C)C=O,CC#N,O,,,0.091,0.134,0.775,,,,,,,,95,72,Ni,NO3,,,[O-]C(=O)C1CCC(CC1)C(=O)[O-],n1ccc(cc1)c1ccc(cc1)N(c1ccc(cc1)c1ccncc1)c1ccc(cc1)c1ccncc1
MICDEJ,66.0,CN(C)C=O,O,,,,0.412,0.588,,,,,,,,,95,72,Mn,NO3,,,[O-]C(=O)c1cc(cc(c1)Oc1ccc(cc1)C(=O)[O-])Oc1ccc(cc1)C(=O)[O-],
SARNOQ,,CC(=O)N(C)C,,,,,1.0,,,,,,,,,,95,72,Zn,NO3,,,N1=NN=C([N]1)c1n[nH]nc1C1=NN=N[N]1,
ZIDVAL,,O,CN(C)C=O,,,,0.588,0.412,,,,,,,,,95,72,Mn,Cl,,,,
ZOFZUR,,CN(C)C=O,,,,,1.0,,,,,[N+](=O)(O)[O-],,,,,95,72,Mn,NO3,,,[O-]C(=O)c1cc(cc(c1)C(=O)[O-])N(Cc1ccc(cc1)C(=O)[O-])Cc1ccc(cc1)C(=O)[O-],
BOWZUK,64.0,CN(C)C=O,CO,O,,,0.327,0.207,0.466,,,,,,,,100,12,Zn,NO3,,,c1ncn(c1)c1ccc(cc1)N(c1ccc(cc1)n1cncc1)c1ccc(cc1)n1cncc1,
ANUGIA,82.0,CN(C)C=O,C1COCCO1,O,,,0.436,0.099,0.465,,,Cl,,,,,85,12,Cu,NO3,,,[O-]C(=O)c1cc(cc(c1)C(=O)[O-])c1cc(cc(c1)c1ccc(cc1)C(=O)[O-])c1ccc(cc1)C(=O)[O-],
ANUGOG,55.0,CN1CCCC1=O,C1COCCO1,O,,,0.382,0.108,0.509,,,,,,,,85,24,Cu,NO3,,,[O-]C(=O)c1cc(cc(c1)C(=O)[O-])c1cc(cc(c1)c1ccc(cc1)C(=O)[O-])c1ccc(cc1)C(=O)[O-],
LENKIA,,CN(C)C=O,O,,,,0.824,0.176,,,,,,,,,100,18,Cu,NO3,,,[O-]C(=O)c1cc([O])c(cc1[O])C(=O)[O-],
VALVAI,,CN(C)C=O,O,,,,0.886,0.114,,,,,,,,,100,20,Yb,Cl,,,[O-]C(=O)c1ccc(cc1)C(=O)[O-],
COJGEO,,CN(C)C=O,O,,,,0.701,0.299,,,,,,,,,100,24,"Cu,Zn",NO3|PyenH2,NO3,,,
DUPJAB,,CN(C)C=O,O,,,,0.539,0.461,,,,,,,,,100,24,Cd,NO3,,,,
EKEKIQ,,CN(C)C=O,O,,,,0.584,0.416,,,,,,,,,100,24,Zn,NO3,,,,
EKEKOW,,CN(C)C=O,CCO,O,,,0.366,0.243,0.391,,,,,,,,100,24,Zn,NO3,,,,
EXOTUH,,CN(C)C=O,,,,,1.0,,,,,,,,,,100,24,Cd,NO3,,,[O-]C(=O)c1cccc(c1c1c(cccc1C(=O)O)C(=O)[O-])C(=O)O,n1ccc(cc1)C1=NC(=[N]=C([N]1)c1ccncc1)c1ccncc1
GUSJOU,43.0,CN(C)C=O,CO,,,,0.441,0.559,,,,,,,,,100,24,"Mn,Ge",Cl,,,[O-]C(=O)CC[Ge]12S[Ge]3(CCC(=O)[O-])S[Ge](S2)(S[Ge](S1)(S3)CCC(=O)[O-])CCC(=O)[O-],
QAMHAQ,,CN(C)C=O,O,,,,0.584,0.416,,,,,,,,,100,24,Zn,NO3,,,,
TILHAZ,50.0,CCO,CN(C)C=O,,,,0.399,0.601,,,,,,,,,100,24,Co,Cl,,,[O-]C(=O)CCCCC(=O)[O-],
YODRAM,88.0,CN(C)C=O,CCO,,,,0.601,0.399,,,,,,,,,100,24,Co,NO3,,,[O-]C(=O)c1ccncc1,
GOBSUM,,CN(C)C=O,CC#N,,,,0.574,0.426,,,,,,,,,100,36,Co,NO3,,,C1CN2CCN1CC2,[O-]C(=O)c1ccc(cc1)C(=O)[O-]
AJAKON,67.8,CC(=O)N(C)C,CCO,O,,,0.229,0.183,0.588,,,[H+].[B-](F)(F)(F)F,,,,,100,40,Cd,NO3,,,[O-]C(=O)c1ccc(cc1)N(c1ccc(cc1)C(=O)[O-])c1ccc(cc1)C(=O)[O-],
DAMZEZ,65.0,CN(C)C=O,,,,,1.0,,,,,[N+](=O)(O)[O-],,,,,100,48,Cd,NO3,,,CCc1nccn1Cc1ccc(cc1)Cn1ccnc1CC,[O-]C(=O)c1cc([N][N]c2cc(cc(c2)C(=O)[O-])C(=O)[O-])cc(c1)C(=O)[O-]
EXEMUR,60.0,CN(C)C=O,C1COCCO1,O,,,0.362,0.329,0.309,,,,,,,,100,48,Cd,Cl,,,[O-]C(=O)c1ccc(cc1)N1[CH]C=C(C=C1)C1=C[CH]N(C=C1)c1ccc(cc1)C(=O)[O-],
GETXAG,63.0,O,,,,,1.0,,,,,[OH-].[Na+],,,,,100,48,Co,NO3,,,Nc1ccc(cc1)C1=NN=N[N]1,
HIHGAI,34.0,CN(C)C=O,,,,,1.0,,,,,Cl,,,,,100,48,"Eu,Si",NO3,,,[O-]C(=O)c1ccc(cc1)[Si](c1ccc(cc1)C(=O)[O-])(c1ccc(cc1)C(=O)[O-])c1ccc(cc1)C(=O)[O-],[O][C](c1ccc(cc1)[Si](c1ccc(cc1)C(=O)[O-])(c1ccc(cc1)C(=O)[O-])c1ccc(cc1)[C]([O])[O])[O]
LAZJIH,78.0,CN(C)C=O,O,,,,0.105,0.895,,,,,,,,,100,48,Zn,NO3,,,[O-]C(=O)c1cc(C(=O)[O-])c(cc1C(=O)[O-])C(=O)[O-],
PASNAA,,O,,,,,1.0,,,,,[OH-].[Na+],,,,,100,48,Co,Cl,,,[O-]C(=O)C1C(C(=O)[O-])C(C(=O)[O-])C(C(C1C(=O)[O-])C(=O)[O-])C(=O)[O-],
PENYOX,75.0,O,,,,,1.0,,,,,,,,,,100,48,V,SO4|O,,,,
PEQTUB,12.0,O,,,,,1.0,,,,,CCN(CC)CC,,,,,100,48,Bi,NO3,,,,
PUWCIT,57.0,CN(C)C=O,CCO,O,,,0.193,0.256,0.551,,,,,,,,100,48,Zn,Cl,,,,
PUZTOV,,O,CN(C)C=O,,,,0.81,0.19,,,,,,,,,100,48,"Ca,Cd",NO3,NO3,,[O-]C(=O)c1ccc(cc1)C(=O)[O-],
QUFKIN,25.0,O,,,,,1.0,,,,,,,,,,100,48,Co,CO3,,,Nc1ncnc2c1nc[nH]2,[O-]C(=O)c1cc(C(=O)[O-])c(cc1C(=O)[O-])C(=O)[O-]
SODQOT,,CC(=O)N(C)C,,,,,1.0,,,,,[N+](=O)(O)[O-],,,,,100,48,Cu,NO3,,,[O-]C(=O)c1cc(cc(c1)C(=O)[O-])C(=O)[O-],
UWOWAF,60.0,CN(C)C=O,CCO,,,,0.398,0.602,,,,,,,,,100,48,Mn,Cl,,,[O-]C(=O)c1ccc(s1)c1ccc(s1)C(=O)[O-],
VOLPET,15.0,CN(C)C=O,CC#N,,,,0.729,0.271,,,,,,,,,100,48,Zn,NO3,,,[O-]C(=O)c1ccc(s1)C(=O)[O-],
XOPLUL,,O,CN(C)C=O,,,,0.588,0.412,,,,,,,,,100,48,Cd,NO3,,,[O-]C(=O)c1ccc(o1)C(=O)[O-],
XUDVAV,48.0,CN(C)C=O,O,,,,0.319,0.681,,,,,,,,,100,48,Co,O,,,,
DUJRAD,,CN(C)C=O,,,,,1.0,,,,,,,,,,100,60,"Cu,Ba",Cl,NO3,,[O-]C(=O)c1ccc(s1)C(=O)[O-],
HIFGIO,56.0,CN(C)C=O,CCO,,,,0.601,0.399,,,,[OH-].[Na+],,,,,100,60,Zn,NO3,,,[O-]C(=O)c1ccc(cc1)c1cc(C)c(cc1C)c1ccc(cc1)C(=O)[O-],
HUTTIA,,CN(C)C=O,,,,,,,,,,,,,,,100,60,Zn,NO3,,,[N]([CH]c1ccncc1)[N][CH]c1ccncc1,[O-]C(=O)c1ccc(cc1)C(C(F)(F)F)(C(F)(F)F)c1ccc(cc1)C(=O)[O-]
ORUKOD,40.0,CN(C)C=O,CCO,O,,,0.263,0.174,0.562,,,Cl,,,,,100,60,Ba,NO3,,,[O-]C(=O)c1ccc(cc1)O[P]1(Oc2ccc(cc2)C(=O)[O-])[N][P](Oc2ccc(cc2)C(=O)[O-])(Oc2ccc(cc2)C(=O)[O-])[N][P]([N]1)(Oc1ccc(cc1)C(=O)[O-])Oc1ccc(cc1)C(=O)[O-],
AVESUR,69.0,CN(C)C=O,O,,,,0.539,0.461,,,,Cl,,,,,100,72,Cd,NO3,,,[O-]C(=O)c1cc(cc(c1)c1cc(cc(c1)C(=O)[O-])C(=O)[O-])c1cc(cc(c1)C(=O)[O-])C(=O)[O-],
BAFCAP,36.0,CN(C)C=O,O,,,,0.19,0.81,,,,,,,,,100,72,Zn,Cl,,,COc1cc(OCC(=O)[O-])c2cc1C([C])c1cc(c(cc1OCC(=O)O)OC)C(CC)c1cc(C(c3cc(C2CC)c(OC)cc3OCC(=O)[O-])[C][C])c(cc1OCC(=O)[O-])OC,
BURQIQ,60.0,CN(C)C=O,,,,,1.0,,,,,[OH-].[Na+],,,,,100,72,"Cd,Na",Cl,,,[O-]C(=O)c1ccc(cc1)N(c1ccc(cc1)C(=O)[O-])c1ccc(cc1)C(=O)[O-],
CUKXAJ,,CN(C)C=O,O,,,,0.483,0.517,,,,Cl,,,,,100,72,Cd,NO3,,,[O-]C(=O)c1cc(C(=O)[O-])c(cc1C(=O)[O-])C(=O)[O-],
CUKXIR,,CN(C)C=O,O,,,,0.483,0.517,,,,Cl,,,,,100,72,Mn,SO4,,,[O-]C(=O)c1cc(C(=O)[O-])c(cc1C(=O)[O-])C(=O)[O-],
ELOZIQ,65.0,CC(=O)N(C)C,CO,,,,0.539,0.461,,,,,,,,,100,72,Cd,NO3,,,,
GAJVEU,,CN(C)C=O,,,,,1.0,,,,,CCN(CC)CC,,,,,100,72,Zn,NO3,,,[O-]C(=O)c1ccc(cc1)C(=O)[O-],
GAJVIY,,CN(C)C=O,,,,,1.0,,,,,,,,,,100,72,Zn,NO3,,,[O-]C(=O)c1ccc(cc1)c1ccc(cc1)C(=O)[O-],
HIHGEM,23.0,CN(C)C=O,,,,,1.0,,,,,,,,,,100,72,"Si,Er",,NO3,,[O-]C(=O)c1ccc(cc1)[Si](c1ccc(cc1)C(=O)[O-])(c1ccc(cc1)C(=O)[O-])c1ccc(cc1)C(=O)[O-],[O-]C(=O)c1ccc(cc1)[Si](c1ccc(cc1)[C]1OO1)(c1ccc(cc1)[C]1OO1)c1ccc(cc1)C(=O)[O-]
HOZFEJ,,CO,C1COCCO1,,,,0.677,0.323,,,,,,,,,100,72,Li,OH,,,[O-]C(=O)c1ccc(cc1)NC1=[N]=C(N=C([N]1)Nc1ccc(cc1)C(=O)O)Nc1ccc(cc1)C(=O)O,
HUNFIH,65.0,O,,,,,1.0,,,,,[N+](=O)(O)[O-],,,,,100,72,"Ni,V",Cl,NH4|O,,C(Cc1ccncc1)Cc1ccncc1,
HUNFON,55.0,O,,,,,1.0,,,,,,,,,,100,72,"Zn,V",CH3COO,NH4|O,,C(Cc1ccncc1)Cc1ccncc1,
HUVNAP,31.0,CN(C)C=O,CCO,O,,,0.067,0.357,0.576,,,,,,,,100,72,"Ba,Fe",Cl,Cl,,,
KITCAT,40.0,C1CCOC1,,,,,1.0,,,,,,,,,,100,72,"Ag,K",CN,Ag(CN)2,,,
LAHTUM,45.0,CN(C)C=O,CCO,,,,0.601,0.399,,,,,,,,,100,72,Cd,NO3,,,[O-]C(=O)c1cc(C(=O)[O-])c(cc1c1ccc(cc1)C(=O)[O-])c1ccc(cc1)C(=O)[O-],n1ccc(cc1)c1ccncc1
LAHVAU,40.0,CN(C)C=O,CCO,,,,0.601,0.399,,,,,,,,,100,72,Cd,NO3,,,[N]c1cnccc1c1ccncc1[N],[O-]C(=O)c1cc(C(=O)[O-])c(cc1c1ccc(cc1)C(=O)[O-])c1ccc(cc1)C(=O)[O-]
LOXBEH,42.0,CN(C)C=O,O,,,,0.412,0.588,,,,,,,,,100,72,Cd,CH3COO,,,O=C(N1CCCC1C(=O)[O-])c1cc(cc(c1)C(=O)[O-])C(=O)[O-],c1ncn(c1)c1cc(cc(c1)n1cncc1)n1cncc1
NAYZUK,75.0,O,CC#N,,,,0.519,0.481,,,,[OH-].[Na+],,,,,100,72,In,Cl,,,[O-]C(=O)c1ccc(c2c1cccc2)C(=O)[O-],
OHIHET,44.0,O,,,,,1.0,,,,,[OH-].[Na+],,,,,100,72,Zn,NO3,,,N1=CN([C]=C1)c1ccc(cc1)C1=[C][CH]N=C1,N1=C[C]=C([CH]1)c1ccc(cc1)N1[C]=CN=C1
OQUCOU,35.0,CC(=O)N(C)C,O,,,,0.369,0.631,,,,,,,,,100,72,Cd,CH3COO,,,CC(C(=O)[O-])Oc1cc(cc(c1)C(=O)[O-])C(=O)[O-],
OWUWOU,28.0,CN(C)C=O,O,,,,0.319,0.681,,,,,,,,,100,72,"Cd,Fe",Cl,Cl,,[O]c1c(C=NCCN=Cc2cc(OCc3cc(cc(c3)C(=O)[O-])C(=O)[O-])cc(c2[O])C(C)(C)C)cc(cc1C(C)(C)C)OCc1cc(cc(c1)C(=O)[O-])C(=O)[O-],
QAGQEW,76.0,CC(=O)N(C)C,,,,,1.0,,,,,[H+].[B-](F)(F)(F)F,,,,,100,72,Cd,NO3,,,[O-]C(=O)c1cc2c(s1)c1cc(sc1c1c2sc(c1)C(=O)[O-])C(=O)[O-],
QIVZEC,,O,CCO,,,,0.906,0.094,,,,[OH-].[Na+],,,,,100,72,Zn,NO3,,,,
SAMVIO,,CO,CC(=O)N(C)C,,,,0.695,0.305,,,,CC(=O)O,,,,,100,72,Mn,NO3,,,,
SOBZEQ,45.0,CC(=O)N(C)C,O,,,,0.163,0.837,,,,,,,,,100,72,"Ca,Cd",NO3,NO3,,[O-]C(=O)c1cc(cc(c1)C(=O)[O-])c1cc(cc(c1)C(=O)[O-])C(=O)[O-],
VAGBEN,,CN(C)C=O,CCO,,,,0.335,0.665,,,,[N+](=O)(O)[O-],,,,,100,72,"Cu,Gd",I,NO3,,[O-]C(=O)c1cccnc1,
VAGBOX,,O,CCO,,,,0.682,0.318,,,,,,,,,100,72,"Cu,Gd",I,NO3,,[O-]C(=O)c1cccc(c1)c1ccncc1,
WOPGOZ,35.2,O,CN(C)C=O,,,,0.985,0.015,,,,,,,,,100,72,Co,NO3,,,,
XEYMAR,15.0,CN(C)C=O,CCO,,,,0.601,0.399,,,,,,,,,100,72,"Cu,Mn",I,CH3COO,,[O-]C(=O)c1ccncc1,
XICDUI,40.0,C1=CC=CC=C1,C(Cl)(Cl)Cl,,,,0.731,0.269,,,,,,,,,100,72,Cu,BF4|MeCN,,,N#Cc1ccc(cc1)C(n1cncn1)c1ccc(cc1)C#N,
XUGSID,,CN(C)C=O,O,,,,0.028,0.972,,,,CCN(CC)CC,,,,,100,72,Co,NO3,,,[O-]C(=O)c1cc(C(=O)[O-])c(cc1C(=O)[O-])C(=O)[O-],c1ccc2c(c1)[nH]c(n2)C[N]12[CH]N3C4C1C2C34
XULVAD,56.8,O,CC(C)O,,,,0.004,0.996,,,,[OH-].[Na+],,,,,100,72,"Gd,Mn",Cl,Ac,,[O-]C(=O)c1nc(cnc1C(=O)[O-])C(=O)[O-],
VOXQOQ,,CN(C)C=O,CCO,,,,0.531,0.469,,,,,,,,,100,80,Zn,NO3,,,CC1=NN=N[N]1,[O-]C(=O)c1ccc2c(c1)ccc(c2)C(=O)[O-]
CABDER,55.0,O,,,,,1.0,,,,,[OH-].[Na+],,,,,100,96,Cd,NO3,,,O=C(c1ccncc1)NCc1ccncc1,[O-]C(=O)CC(C(=O)[O-])(C)C
EGABAR,50.0,O,,,,,1.0,,,,,,,,,,100,96,Cd,NO3,,,,
VAGBUD,,O,C1COCCO1,,,,0.758,0.242,,,,,,,,,100,96,"Cu,Gd",I,NO3,,[O-]C(=O)c1cccc(c1)c1ccncc1,
IBUBAL,45.0,CN(C)C=O,O,,,,0.319,0.681,,,,,,,,,100,120,Cd,NO3,,,,
KAKBUW,70.0,O,CN(C)C=O,,,,0.81,0.19,,,,,,,,,100,120,Ca,NO3,,,[N][C][O],[O-]C(=O)c1ccc(cc1)c1cc(cc(c1)c1ccc(cc1)C(=O)[O-])c1ccc(cc1)C(=O)[O-]
KAKCAD,75.0,O,CN(C)C=O,,,,0.81,0.19,,,,,,,,,100,120,Sr,NO3,,,[O-]C(=O)c1ccc(cc1)c1cc(cc(c1)c1ccc(cc1)C(=O)[O-])c1ccc(cc1)C(=O)[O-],
KAKCEH,90.0,CN(C)C=O,,,,,1.0,,,,,,,,,,100,120,Ba,NO3,,,[O-]C(=O)c1ccc(cc1)c1cc(cc(c1)c1ccc(cc1)C(=O)[O-])c1ccc(cc1)C(=O)[O-],
PARSAF,75.0,CN(C)C=O,,,,,1.0,,,,,,,,,,100,120,"Ca,In",Cl,NO3,,,
PARSEJ,82.0,CN(C)C=O,,,,,1.0,,,,,,,,,,100,120,"Sr,In",Cl,NO3,,,
TAGTIH,,CC(=O)N(C)C,CN1CCCN(C1=O)C,,,,0.746,0.254,,,,C(=C(F)F)(C(F)(F)F)F,,,,,100,120,Mg,NO3,,,[O-]C(=O)c1ccc(o1)C(=O)[O-],
UMIGAA,50.0,CC(=O)N(C)C,,,,,1.0,,,,,,,,,,100,120,"Zn,Co",ClO4,ClO4,,[O-]C(=O)c1cc(cc(c1)C(=O)[O-])C(=O)[O-],
UYAMOY,37.0,CN(C)C=O,,,,,1.0,,,,,,,,,,100,120,Cd,NO3,,,,
XASNUD,65.0,CC(=O)N(C)C,,,,,1.0,,,,,[H+].[B-](F)(F)(F)F,,,,,100,120,Zn,ClO4,,,[O-]C(=O)c1cc(cc(c1)C(=O)[O-])C(=O)[O-],
XASPEP,,CN(C)C=O,,,,,1.0,,,,,[H+].[B-](F)(F)(F)F,,,,,100,120,Zn,NO3,,,[O-]C(=O)c1cc(cc(c1)C(=O)[O-])C(=O)[O-],
IBUBIT,53.0,CN(C)C=O,O,,,,0.281,0.719,,,,,,,,,100,144,Zn,NO3,,,,
SAMVEK,,CO,CC(=O)N(C)C,,,,0.695,0.305,,,,CC(=O)O,,,,,100,144,Mn,NO3,,,[O-]C(=O)C,[O-]C(=O)c1ccc(cc1)C(=O)[O-]
UYAMIS,45.0,CN(C)C=O,C1COCCO1,,,,0.688,0.312,,,,,,,,,100,144,Cd,NO3,,,,
ZEZPAX,,CN(C)C=O,,,,,1.0,,,,,,,,,,100,144,Dy,NO3,,,[O-]C(=O)c1ccnc(c1)c1nccc(c1)C(=O)[O-],
BINSAU,23.0,CN(C)C=O,,,,,1.0,,,,,,,,,,100,168,Mn,NO3,,,[O-]C(=O)c1ccc2c(c1)ccc(c2)c1cc(cc(c1)c1ccc2c(c1)ccc(c2)C(=O)[O-])c1ccc2c(c1)ccc(c2)C(=O)[O-],
ORUKET,,CC(=O)N(C)C,CCO,O,,,0.229,0.183,0.588,,,Cl,,,,,100,192,Mg,NO3,,,[O-]C(=O)c1ccc(cc1)O[P]1(Oc2ccc(cc2)C(=O)[O-])[N][P](Oc2ccc(cc2)C(=O)[O-])(Oc2ccc(cc2)C(=O)[O-])[N][P]([N]1)(Oc1ccc(cc1)C(=O)[O-])Oc1ccc(cc1)C(=O)[O-],
VEHROR,60.0,O,,,,,1.0,,,,,[N+](=O)(O)[O-],,,,,102,48,La,Cl,,,[O-]C(=O)c1cccc(n1)C(=O)[O-],
VEGMIE,,CCN(CC)C=O,,,,,1.0,,,,,,,,,,102,72,Co,Cl,,,[O-]C(=O)c1ccc(cc1)C(=O)[O-],
MUNDEG,76.0,CN(C)C=O,C1COCCO1,,,,0.734,0.266,,,,[N+](=O)(O)[O-],,,,,105,12,Cu,I,,,C1CN2CCN1CC2,[O-]C(=O)c1ccc(cc1)c1cncc(c1)C(=O)[O-]
ADASUV,,CN(C)C=O,CN1CCCC1=O,,,,0.714,0.286,,,,,,,,,105,23,Co,NO3,,,[O-]C(=O)c1cc(OCc2cc(COc3cc(cc(c3)C(=O)[O-])C(=O)[O-])cc(c2)COc2cc(cc(c2)C(=O)[O-])C(=O)[O-])cc(c1)C(=O)[O-],
CUTBIE,67.0,CN(C)C=O,,,,,1.0,,,,,[N+](=O)(O)[O-],,,,,105,24,La,NO3,,,[O-]C(=O)C1=[C][C]=C([C]=[C]1)C1=[C]N(N=N1)C1=[C]C(=[C]C(=[C]1)C(=O)[O-])C(=O)[O-],
EXOFIH,30.0,CC(=O)N(C)C,CCO,,,,0.485,0.515,,,,[N+](=O)(O)[O-],C1CNCCN1,,,,105,36,In,Cl,,,[O-]C(=O)c1cc(C(=O)[O-])c(cc1C(=O)[O-])C(=O)[O-],
YIJYUN,36.3,O,,,,,1.0,,,,,C(=O)(O)[O-].[Na+],,,,,105,60,Zn,NO3,,,[O-]C(=O)C1CC(C(C1C(=O)[O-])C(=O)[O-])C(=O)[O-],n1ccc(cc1)C=Cc1ccncc1
ALIXOJ,69.0,CN(C)C=O,O,,,,0.19,0.81,,,,,,,,,105,72,Ni,O,,,[O-]C(=O)c1cc(Cc2cc(cc(c2)C(=O)O)C(=O)[O-])cc(c1)C(=O)[O-],
LAQZOV,,CN(C)C=O,,,,,1.0,,,,,[N+](=O)(O)[O-],,,,,105,72,Ce,NO3,,,[O-]C(=O)c1cc(cc(c1)C(=O)[O-])c1ccc(cc1)c1cc(cc(c1)C(=O)[O-])C(=O)[O-],
LAZHUR,64.0,CN(C)C=O,O,,,,0.105,0.895,,,,,,,,,105,72,Co,NO3,,,[O-]C(=O)c1cccc(c1)C(=O)[O-],n1ccc(cc1)OCC(COc1ccncc1)(COc1ccncc1)COc1ccncc1
NUCPEI,,CN(C)C=O,O,,,,0.412,0.588,,,,,,,,,105,72,Zn,NO3,,,[O-]C(=O)c1cc(cc(c1)C(=O)[O-])c1ccc(c(c1)c1cc(cc(c1)C(=O)[O-])C(=O)[O-])C(=O)[O-],
NUCPIM,,CC(=O)N(C)C,O,,,,0.226,0.774,,,,,,,,,105,72,Zn,NO3,,,,
UWALEL,,CN(C)C=O,,,,,1.0,,,,,[N+](=O)(O)[O-],,,,,105,72,Cu,NO3,,,[O-]C(=O)c1cc(cc(c1)C(=O)[O-])c1cccc(n1)c1cc(cc(c1)C(=O)[O-])C(=O)[O-],
XORHET,69.0,O,,,,,1.0,,,,,,,,,,105,72,Co,SO4,,,,
CORZIU,61.0,CN(C)C=O,CCN(CC)C=O,,,,0.742,0.258,,,,C(=O)O,,,,,105,96,In,NO3,,,[O-]C(=O)c1ccc(nc1)c1ccc(cn1)C(=O)[O-],
VEHRIL,30.0,O,,,,,1.0,,,,,[N+](=O)(O)[O-],,,,,107,48,Sm,O,,,[O-]C(=O)c1cccc(n1)C(=O)[O-],
GIQZIQ,73.5,CN(C)C=O,CO,,,,0.345,0.655,,,,,,,,,110,24,Mg,NO3,,,[O-]C(=O)c1ccc2c(c1)ccc(c2)C(=O)[O-],
LEVNOQ,64.2,CN(C)C=O,,,,,1.0,,,,,,,,,,110,24,Mg,NO3,,,[O-]C(=O)c1ccc2c(c1)ccc(c2)C(=O)[O-],
GOBTAT,,CN(C)C=O,CC1=CC=CC=C1C,,,,0.757,0.243,,,,,,,,,110,36,Co,NO3,,,,
KUHNIM,57.0,O,,,,,1.0,,,,,[NH4+].[OH-],,,,,110,48,Zn,NO3,,,[O-]C(=O)c1cc(C(=O)[O-])c(cc1C(=O)[O-])C(=O)[O-],
UYOFIY,62.0,CCO,O,,,,0.237,0.763,,,,CCN(CC)CC,,,,,110,48,Tb,NO3,,,[O-]C(=O)c1[nH]cnc1C(=O)[O-],
ZOFZIF,,CN(C)C=O,,,,,1.0,,,,,CC(=O)O,,,,,110,48,Mn,Cl,,,[O-]C(=O)c1cc(cc(c1)c1nnn(c1)c1cc(cc(c1)C(=O)[O-])C(=O)[O-])C(=O)[O-],
ZOFZOL,,CCN(CC)C=O,,,,,1.0,,,,,CC(=O)O,,,,,110,48,Co,NO3,,,[O-]C(=O)c1cc(cc(c1)c1nnn(c1)c1cc(cc(c1)C(=O)[O-])C(=O)[O-])C(=O)[O-],
EREGOY,82.0,CC(=O)N(C)C,,,,,1.0,,,,,,,,,,110,72,Cd,NO3,,,[O-]C(=O)c1ccc(cc1)OCC(COc1ccc(cc1)C(=O)[O-])(COc1ccc(cc1)C(=O)[O-])COc1ccc(cc1)C(=O)[O-],
ETEMIB,,O,CN(C)C=O,,,,0.994,0.006,,,,[OH-].[Na+],,,,,110,72,Co,NO3,,,[O-]C(=O)c1cc(cc(c1)C(=O)[O-])C(=O)[O-],n1ncn(c1)Cc1ccc(cc1)Cn1cnnc1
PAFMUH,47.0,O,CO,,,,0.832,0.168,,,,[OH-].[Na+],,,,,110,72,Cd,NO3,,,Cc1cc(cc(c1)C(=O)[O-])C(=O)[O-],n1ncn(c1)c1ccc(cc1)Cc1ccc(cc1)n1cnnc1
PORLAL,70.0,CN(C)C=O,O,,,,0.123,0.877,,,,,,,,,110,72,Gd,NO3,,,[O-]C(=O)c1ccc2c(c1)[nH]c(n2)c1ccc(cc1)c1nc2c([nH]1)cc(cc2)C(=O)[O-],[O-]C(=O)c1ccc2c(c1)nc([nH]2)c1ccc(cc1)c1[nH]c2c(n1)ccc(c2)C(=O)[O-]
QUNWAZ,58.0,CN(C)C=O,C1=CC=C(C=C1)Cl,,,,0.568,0.432,,,,,,,,,110,72,Zn,NO3,,,,
TOHYUM,54.0,CC(=O)N(C)C,,,,,1.0,,,,,[N+](=O)(O)[O-],,,,,110,72,Zn,NO3,,,[O-]C(=O)c1cccc(c1)C(=O)[O-],
VIVLAP,65.0,CN(C)C=O,O,,,,0.19,0.81,,,,[N+](=O)(O)[O-],,,,,110,72,Tb,O,,,[O-]C(=O)CCn1c(=O)n(CCC(=O)[O-])c(=O)n(c1=O)CCC(=O)[O-],
VOGTIV,,C1CCOC1,O,,,,0.27,0.73,,,,[OH-].[Na+],,,,,110,72,Mg,NO3,,,[O-]C(=O)c1cc([O])c(cc1[O])C(=O)[O-],
WIJXAQ,60.0,CC(=O)N(C)C,,,,,1.0,,,,,,,,,,110,72,Zn,NO3,,,,
WIRKOZ,,CN(C)C=O,,,,,1.0,,,,,,,,,,110,72,Zn,NO3,,,[O-]C(=O)c1ccc(cc1)COc1ccc(c2c1C1c3c(C2c2c1cccc2)cccc3)OCc1ccc(cc1)C(=O)[O-],
WIRMOB,,CN(C)C=O,,,,,1.0,,,,,,,,,,110,72,Zn,NO3,,,[O-]C(=O)c1ccc(cc1)COc1c2c(c(c3c1C1c4c(C3c3c1cccc3)cccc4)OCc1ccc(cc1)C(=O)[O-])C1c3c(C2c2c1cccc2)cccc3,
XUKNIC,,O,,,,,1.0,,,,,[N+](=O)(O)[O-],,,,,110,80,Zn,NO3,,,[O-]C(=O)c1ccc(cc1)c1cc(cc(c1)C(=O)[O-])C(=O)[O-],
KEVVIS,,O,CCO,CN(C)C=O,,,0.72,0.223,0.056,,,,,,,,110,96,Co,NO3,,,C(Cc1ccncc1)Cc1ccncc1,[O-]C(=O)c1ccc(cc1)C(C(F)(F)F)(C(F)(F)F)c1ccc(cc1)C(=O)[O-]
REDYEG,45.0,CC(C)CO,CO,,,,0.335,0.665,,,,,,,,,110,96,Zn,F,,,[O-]C(=O)c1ccncc1,
ADASIJ,,CN(C)C=O,O,,,,0.19,0.81,,,,,,,,,115,23,Cu,NO3,,,[O-]C(=O)c1cc(OCc2cc(COc3cc(cc(c3)C(=O)[O-])C(=O)[O-])cc(c2)COc2cc(cc(c2)C(=O)[O-])C(=O)[O-])cc(c1)C(=O)[O-],
DUNYOC,50.0,CN(C)C=O,,,,,1.0,,,,,,,,,,115,72,Zn,NO3,,,,
ZUQMAB,69.0,CN(C)C=O,,,,,1.0,,,,,,,,,,115,96,Co,NO3,,,,
BUXZAX,49.0,CCN(CC)C=O,,,,,1.0,,,,,C1=CC=C(C=C1)C(=O)O,,,,,120,48,"Fe,Hf",Cl|meso-tetra(4-carboxyphenyl)porphyrin,Cl|O,,[O-]C(=O)c1ccc(cc1)C1=C2[CH2]=[CH2]C3=[N]2[Fe]24(n5c1ccc5C(=C1[N]2=C([CH2]=[CH2]1)C(=c1n4c(=C3c2ccc(cc2)C(=O)[O-])cc1)c1ccc(cc1)C(=O)[O-])c1ccc(cc1)C(=O)[O-])Cl,
LUYSOP,,CN(C)C=O,,,,,1.0,,,,,CC(=O)O,Cl,,,,120,12,Co,NO3,,,[O-]C(=O)c1ccc(cc1)C(=O)[O-],
SONTIZ,,CN(C)C=O,,,,,1.0,,,,,,,,,,120,20,Tb,NO3,,,,
SONTOF,,CN(C)C=O,,,,,1.0,,,,,,,,,,120,20,Dy,NO3,,,,
WAGQAY,54.0,CCN(CC)C=O,,,,,1.0,,,,,,,,,,120,20,Ni,NO3,,,,
XARPAK,43.0,CN1CCCC1=O,,,,,1.0,,,,,,,,,,120,20,Cu,Cl,,,[O-]C(=O)c1ccc(cc1)N1C=CN([CH]1)c1ccc(cc1)C(=O)[O-],
XIFHIF,49.0,CN(C)C=O,,,,,1.0,,,,,,,,,,120,21,Tb,NO3,,,[O-]C(=O)c1ccc(o1)C(=O)[O-],
COXQUB,57.0,O,,,,,1.0,,,,,,,,,,120,24,Cd,SO4,,,[O]S(=O)(=O)[O],n1ccc(cc1)c1ccncc1
FECYOD,,CN(C)C=O,,,,,1.0,,,,,,,,,,120,24,Zn,NO3,,,,
HUSJUC,60.0,CN(C)C=O,,,,,1.0,,,,,Cl,,,,,120,24,La,NO3,,,[O-]C(=O)c1ccc2c(c1)c1ccc(cc1c1c2cc(cc1)C(=O)[O-])C(=O)[O-],
KUSQUM,57.0,CN(C)C=O,,,,,1.0,,,,,,,,,,120,24,"Cd,Cu",NO3,NO3|H2SalPyMeCam,,,
PODXEN,64.0,CN(C)C=O,CO,O,CS(=O)C,,0.324,0.154,0.346,0.176,,CCN(CC)CC,,,,,120,24,Zn,NO3,,,[O-]C(=O)c1ccc(cc1)c1ccc(cc1)C(=O)[O-],c1ncn(c1)c1ccc(cc1)N(c1ccc(cc1)n1cncc1)c1ccc(cc1)n1cncc1
QEVKOS,25.0,CC#N,,,,,1.0,,,,,,,,,,120,24,"W,Cu",S,NCS,,c1ncn(c1)Cc1ccc(cc1)Cn1cncc1,
REYCEF,69.0,O,CC#N,,,,0.742,0.258,,,,Cl,,,,,120,24,Zn,Cl,,,[O-]C(=O)c1cc(OCc2ccc(cc2)COc2cc(cc(c2)C(=O)[O-])C(=O)[O-])cc(c1)C(=O)[O-],
TIRRIW,,CN(C)C=O,,,,,1.0,,,,,,,,,,120,24,Co,NO3,,,C1=C[C](C=C[N]1)c1ccncc1,[O-]C(=O)c1ccc2c(c1)ccc(c2)C(=O)[O-]
TUBJAD,55.0,O,,,,,1.0,,,,,[OH-].[Na+],,,,,120,24,Cu,NO3,,,O=C(c1cccnc1)[NH]=Cc1cccnc1,[O-]C(=O)c1cccc(c1)C(=O)[O-]
XUKHUI,78.0,O,CC(=O)N(C)C,,,,0.837,0.163,,,,,,,,,120,24,Zn,SO4,,,[O-]C(=O)c1cc(NCc2ccc(cc2)CNc2cc(cc(c2)C(=O)[O-])C(=O)[O-])cc(c1)C(=O)[O-],
ZOZPUB,,CN(C)C=O,O,,,,0.19,0.81,,,,,,,,,120,36,Co,NO3,,,[O-]C(=O)Cc1ccc(cc1)n1cnnc1,
HUVHOX,43.0,O,,,,,1.0,,,,,,,,,,120,40,Zn,CH3COO,,,[O-]C(=O)CN(C1=N[C](=O)=[N]=C([N]1)N(CP(=O)([O])[O])CC(=O)[O-])CP(=O)([O])[O],
WEZCIO,,O,,,,,1.0,,,,,,,,,,120,45,"La,Co",O,COOCH3,,[O-]C(=O)COCC(=O)[O-],
BEDYEQ,46.0,CCN(CC)C=O,,,,,,,,,,C1=CC=C(C=C1)C(=O)O,,,,,120,48,"Zr,Fe",Cl,,,[O-]C(=O)c1ccc(cc1)C1=C2C=CC3=[N]2[Fe]24(n5c1ccc5C(=C1[N]2=C(C=C1)C(=c1n4c(=C3c2ccc(cc2)C(=O)[O-])cc1)c1ccc(cc1)C(=O)[O-])c1ccc(cc1)C(=O)[O-])Cl,
CIFMIP,,CN(C)C=O,,,,,1.0,,,,,,,,,,120,48,Co,Cl,,,[O-]C(=O)c1cc(cc(c1)C(=O)O)C(=O)[O-],[O-]C(=O)c1cc(cc(c1)C(=O)[O-])C(=O)[O-]
EHODOV,75.0,CN(C)C=O,,,,,1.0,,,,,,,,,,120,48,In,NO3,,,[O-]C(=O)c1ccc(cc1)Oc1ccc(cc1)C(=O)[O-],
HISGAT,41.26,CN(C)C=O,CCO,O,,,0.503,0.19,0.307,,,,,,,,120,48,K,OH,,,[O-]C(=O)c1ccc(cc1)S(=O)(=O)c1ccc(cc1)C(=O)[O-],
HOXRUJ,56.0,O,,,,,1.0,,,,,Cl,,,,,120,48,"Eu,K",O,pztc,,,
ILIMOH,,CN(C)C=O,O,,,,0.19,0.81,,,,,,,,,120,48,Ni,Cl,,,n1ccc(cc1)C1=NC(=N[N]1)c1ccccn1,n1ccc(cc1)C1=NN=C([N]1)c1ccccn1
ILIMUN,,CC#N,CO,,,,0.439,0.561,,,,,,,,,120,48,Ni,Cl,,,n1ccc(cc1)C1=NC(=N[N]1)c1ccccn1,n1ccc(cc1)C1=NN=C([N]1)c1ccccn1
KETHEY,75.0,CN(C)C=O,,,,,1.0,,,,,,,,,,120,48,Cd,NO3,,,[O-]C(=O)c1cc(cc(c1)c1ccncc1)C(=O)[O-],
KOLWEO,,CCN(CC)C=O,C(CO)O,CC1=CC=CC=C1,,,0.226,0.592,0.182,,,,,,,,120,48,Ni,NO3,,,[O-]C(=O)c1ccc(cc1)c1cc(cc(c1)c1ccc(cc1)C(=O)[O-])c1ccc(cc1)C(=O)[O-],n1ccc(cc1)c1ccncc1
OJIDAN,71.0,CN(C)C=O,C1CCOC1,C(Cl)Cl,O,,0.129,0.163,0.156,0.552,,[N+](=O)(O)[O-],,,,,120,48,Sc,Cl,,,[O-]C(=O)[C]1C=C[C](C=C1)c1cc(cc(c1)c1ccc(cc1)C(=O)[O-])c1ccc(cc1)C(=O)[O-],[O-]C(=O)c1ccc(cc1)c1cc(cc(c1)c1ccc(cc1)C(=O)[O-])c1ccc(cc1)C(=O)[O-]
OLEKUM,,CN(C)C=O,,,,,1.0,,,,,,,,,,120,48,Zn,NO3,,,C1CN2CCN1CC2,[O-]C(=O)c1cc(Cl)c(cc1Cl)C(=O)[O-]
SARMOO,47.0,O,,,,,1.0,,,,,CC(=O)[O-].O.O.O.[Na+],,,,,120,48,Eu,Cl,,,[O-]C(=O)c1ccc(c2c1cccc2)C(=O)[O-],n1ccc(cc1)c1ccncc1
SOJTOC,49.0,O,CCO,,,,,,,,,,,,,,120,48,"Zn,K",Cl,,,[O-]C(=O)Cc1c(C)c(CC(=O)[O-])c(c(c1C)CC(=O)[O-])C,
TIXVON,63.0,CC(=O)N(C)C,O,,,,0.438,0.562,,,,[OH-].[Na+],,,,,120,48,Mg,NO3,,,[O-]C(=O)c1ccc(cc1)Oc1ccc(cc1)C(=O)[O-],
WIJXEU,20.0,CN(C)C=O,,,,,1.0,,,,,,,,,,120,48,Zn,NO3,,,C1CN2CCN1CC2,[O-]C(=O)c1ccc2c(c1)[nH]c1c2ccc(c1)C(=O)[O-]
WOPHEQ,60.0,CN(C)C=O,O,,,,0.045,0.955,,,,[N+](=O)(O)[O-],,,,,120,48,Co,NO3,,,,
XOTSIK,40.0,CN(C)C=O,,,,,1.0,,,,,,,,,,120,48,Cd,NO3,,,,
YOYYUI,28.0,CC(=O)N(C)C,O,,,,0.369,0.631,,,,,,,,,120,48,Zn,NO3,,,,
GUJTOV,30.0,O,,,,,1.0,,,,,,,,,,120,66,"Mo,Cu",O,Cl,,O=C(c1ccncc1)c1ccncc1,
ATIBOU,73.0,CN(C)C=O,,,,,1.0,,,,,,,,,,120,72,Mn,NO3,,,[O-]C=O,
COPXOV,,O,,,,,1.0,,,,,[OH-].[Na+],,,,,120,72,Co,OAc,,,[O-]C(=O)c1cc(cc(c1)C(C)(C)C)C(=O)[O-],n1ccc(cc1)C=Cc1ccncc1
DADXUE,84.0,CC(=O)N(C)C,CO,,,,0.814,0.186,,,,,,,,,120,72,Cd,NO3,,,,
EYULOA,61.0,CN(C)C=O,,,,,1.0,,,,,,,,,,120,72,Co,NO3,,,C(Cc1ccncc1)Cc1ccncc1,[O-]C(=O)c1ccc(s1)C(=O)[O-]
FIHRIZ,80.0,CC(=O)N(C)C,CO,,,,0.467,0.533,,,,,,,,,120,72,Ni,NO3,,,[O-]C(=O)c1ccc(cc1)C(=O)[O-],n1ccncc1
FURFIJ,43.0,CC(=O)N(C)C,,,,,1.0,,,,,,,,,,120,72,Cd,NO3,,,C(Cc1ccncc1)Cc1ccncc1,[O-]C(=O)c1ccc(s1)C(=O)[O-]
FURFOP,54.0,CC(=O)N(C)C,,,,,1.0,,,,,,,,,,120,72,Zn,NO3,,,C(Cn1cncc1)CCn1cncc1,[O-]C(=O)c1ccc(s1)C(=O)[O-]
GERWOR,29.0,CN(C)C=O,,,,,1.0,,,,,Cl,,,,,120,72,"Cd,Si",NO3,,,[O-]C(=O)c1cc(cc(c1)C(=O)[O-])[Si](c1cc(cc(c1)C(=O)[O-])C(=O)[O-])(c1cc(cc(c1)C(=O)[O-])C(=O)[O-])c1cc(cc(c1)C(=O)[O-])C(=O)[O-],
GEVYEN,,O,,,,,1.0,,,,,,,,,,120,72,Zn,NO3,,,[O-]C(=O)c1ccc(c(c1)c1cccnc1)C(=O)[O-],n1ccc(cc1)C=Cc1ccncc1
GEZRAG,60.0,CO,,,,,1.0,,,,,,,,,,120,72,Co,Ac,,,,
HAPGIR,28.0,CN(C)C=O,CC#N,,,,0.729,0.271,,,,,,,,,120,72,Mn,Ac,,,,
HAWGIX,38.0,CO,O,,,,0.308,0.692,,,,,,,,,120,72,Cd,CH3COO,,,[O-]C(=O)c1cc(OCc2c(C)c(COc3cc(cc(c3)C(=O)[O-])C(=O)[O-])c(c(c2C)COc2cc(cc(c2)C(=O)[O-])C(=O)[O-])C)cc(c1)C(=O)[O-],
HOXSUK,47.0,CN(C)C=O,C1COCCO1,O,,,0.278,0.126,0.595,,,,,,,,120,72,Ni,NO3,,,[O-]C(=O)c1ccc(cc1)c1cc(c2ccc(cc2)C(=O)[O-])c2c3c1ccc1c3c(cc2)c(cc1c1ccc(cc1)C(=O)[O-])c1ccc(cc1)C(=O)[O-],
IYOQIY,55.0,CN(C)C=O,CCO,O,,,0.366,0.243,0.391,,,[N+](=O)(O)[O-],[OH-].[Na+],,,,120,72,Cd,NO3,,,[O-]C(=O)c1cc(cc(c1)C1=NN=N[N]1)C(=O)[O-],
IZIGUV,75.0,CN(C)C=O,O,,,,0.483,0.517,,,,C(=O)O,,,,,120,72,In,NO3,,,[C]OC(=O)c1ccc(cc1)NC(=O)c1ccc(cc1)C1=C2C=CC(=N2)C(=c2n3[In]4n5c1ccc5C(=C1[N]4=C(C=C1)C(=c3cc2)c1ccc(cc1)C(=O)Nc1ccc(cc1)C(=O)[O-])c1ccc(cc1)C(=O)Nc1ccc(cc1)C(=O)[O-])c1ccc(cc1)C(=O)Nc1ccc(cc1)C(=O)[O-],[C]OC(=O)c1ccc(cc1)NC(=O)c1ccc(cc1)C1=c2ccc3=C(C4=[N]5[In](n23)n2c(C(=C3N=C1C=C3)c1ccc(cc1)C(=O)Nc1ccc(cc1)C(=O)[O-])ccc2C(=C5C=C4)c1ccc(cc1)C(=O)Nc1ccc(cc1)C(=O)[O-])c1ccc(cc1)C(=O)Nc1ccc(cc1)C(=O)[O-]
KUKPOX,,O,CN(C)C=O,C1COCCO1,,,0.818,0.096,0.087,,,,,,,,120,72,Cu,Cl,,,[O-]C(=O)c1ccc(cc1)n1cnnc1,
KUKPUD,,O,CC#N,,,,0.852,0.148,,,,,,,,,120,72,Cu,Cl,,,,
LALFEL,,O,,,,,1.0,,,,,,,,,,120,72,Cd,NO3,,,[O-]C(=O)C(=O)[O-],
LAWHUP,80.0,CN(C)C=O,CCO,O,,,0.082,0.217,0.701,,,,,,,,120,72,Cd,NO3,,,[O-]C(=O)c1ccc(c2c1nsn2)C(=O)[O-],
MEJQEZ,60.0,O,,,,,1.0,,,,,,,,,,120,72,Zn,NO3,,,,
MEJQID,70.0,CC(=O)N(C)C,CO,,,,0.305,0.695,,,,CNC(=O)NC,,,,,120,72,Zn,NO3,,,,
MEJQOJ,75.0,CN1CCCC1=O,CO,,,,0.297,0.703,,,,CNC(=O)NC,,,,,120,72,Zn,NO3,,,,
NAWKII,,CN(C)C=O,O,,,,0.539,0.461,,,,,,,,,120,72,Mg,Cl,,,[O-]C(=O)c1ccc2c(c1)ccc(c2)C(=O)[O-],
NOBVOR,35.0,O,,,,,1.0,,,,,,,,,,120,72,Co,ClO4,,,,
NOHQEI,86.0,CCN(CC)C=O,,,,,1.0,,,,,,,,,,120,72,In,NO3,,,,
NOQLOV,56.0,O,,,,,1.0,,,,,Cl,C(CN)N,,,,120,72,In,NO3,,,[O-]C(=O)C(=O)[O-],
NORJEL,49.0,O,CN(C)C=O,,,,0.955,0.045,,,,,,,,,120,72,Cd,NO3,,,[O-]C(=O)c1cc2ccccc2c(c1O)Cc1c(O)c(cc2c1cccc2)C(=O)[O-],n1ccc(cc1)C=Cc1ccncc1
OKIZIT,65.0,CC(=O)N(C)C,CO,,,,0.305,0.695,,,,[H+].[B-](F)(F)(F)F,,,,,120,72,Co,NO3,,,,
OYEBIE,52.23,O,,,,,1.0,,,,,,,,,,120,72,Zn,ClO4,,,[O-]C(=O)c1ccc(cc1)C(=O)[O-],n1ccc(cc1)CCc1ccncc1
PIBGAK,56.0,CN(C)C=O,CCO,O,,,0.419,0.222,0.358,,,,,,,,120,72,Eu,NO3,,,[O-]C(=O)c1ccc2-c3c(C(c2c1)(C)C)cc(cc3)C(=O)[O-],
PUZLAZ,,CN(C)C=O,,,,,1.0,,,,,,,,,,120,72,In,Cl,,,[O-]C(=O)c1ccc(s1)C(=O)[O-],
QASTUC,23.0,CN(C)C=O,,,,,1.0,,,,,,,,,,120,72,Mn,NO3,,,[O-]C(=O)c1ccc(cc1)C(=O)[O-],c1ccc(nc1)c1cc(cc(n1)c1ccccn1)c1ccc(cc1)n1ccnc1
QIRWAR,,O,,,,,1.0,,,,,,,,,,120,72,Cu,NO3,,,O=C1[N]C=CN=C1C(=O)[O-],[O-]C(=O)C1=N[CH]C=NC1=O
REYCOP,65.0,O,CC#N,,,,0.742,0.258,,,,,,,,,120,72,Zn,Cl,,,[O-]C(=O)c1cc(OCc2ccc(cc2)COc2cc(cc(c2)C(=O)[O-])C(=O)[O-])cc(c1)C(=O)[O-],n1ccc(cc1)CN1CCN(CC1)Cc1ccncc1
RUVBOB,,CN(C)C=O,CO,,,,0.678,0.322,,,,,,,,,120,72,Cd,NO3,,,[O-]C(=O)c1ccc(cc1)n1cnnc1,
SARMEE,49.0,O,,,,,1.0,,,,,[OH-].[Na+],,,,,120,72,Eu,Cl,,,[O-]C(=O)c1ccc(c2c1cccc2)C(=O)[O-],
TEJBAN,47.0,O,,,,,1.0,,,,,,,,,,120,72,Eu,O,,,[O-]C(=O)c1ccc(cc1)CN1C=CN([CH]1)Cc1ccc(cc1)C(=O)[O-],
TEJLOL,60.0,CN(C)C=O,,,,,1.0,,,,,,,,,,120,72,Cd,NO3,,,,
TETZEZ,58.0,CN(C)C=O,,,,,1.0,,,,,,,,,,120,72,Zn,NO3,,,O=C(c1ccc(cc1)C(=O)Nc1ccncc1)Nc1ccncc1,[O-]C(=O)c1ccc(cc1)c1ccc(cc1)C(=O)[O-]
TETZID,45.0,O,,,,,1.0,,,,,[NH4+].[OH-],,,,,120,72,Cd,NO3,,,O=C(c1ccc(cc1)C(=O)Nc1ccncc1)Nc1ccncc1,[O-]C(=O)c1ccc(s1)C(=O)[O-]
UQEGEE,,O,,,,,1.0,,,,,Cl,,,,,120,72,"Mo,V,Co",unknown,NH4|O,Cl,,
UQEGII,,O,,,,,1.0,,,,,Cl,,,,,120,72,"Mo,Ni,V",unknown,Cl,NH4|O,,
VAGTAA,,CN(C)C=O,,,,,1.0,,,,,CCN(CC)CC,,,,,120,72,Mg,NO3,,,[O-]C(=O)c1c(O)c(O)c(c(c1O)O)C(=O)[O-],
VAQSEO,42.0,CN(C)C=O,O,,,,0.072,0.928,,,,[OH-].[Na+],,,,,120,72,Cd,NO3,,,[O-]C(=O)c1ccc(cc1)c1cc(cc(c1)c1ccc(cc1)C(=O)[O-])c1ccc(cc1)C(=O)[O-],c1ncc([nH]1)c1cccc(c1)c1c[nH]cn1
VIPXUO,53.0,O,,,,,1.0,,,,,[OH-].[Na+],,,,,120,72,Co,NO3,,,[O-]C(=O)c1cc(C(=O)[O-])c(cc1C(=O)[O-])C(=O)[O-],n1ccc(cc1)C(C(c1ccncc1)Cc1ccncc1)Cc1ccncc1
WEGDIX,30.0,CN(C)C=O,,,,,1.0,,,,,,,,,,120,72,Cd,SO4,,,S=C1[CH]C=C(C=N1)C(=O)[O-],[O]S(=O)(=O)[O]
WODREO,,C1=CC=NC=C1,CN(C)C=O,CS(=O)C,,,0.009,0.474,0.517,,,,,,,,120,72,Co,NO3,,,,
YOKKIU,26.0,CCO,CO,,,,0.677,0.323,,,,,,,,,120,72,Co,NO3,,,,
YOYBUL,,CC(=O)N(C)C,O,CCO,,,0.373,0.479,0.149,,,,,,,,120,72,Zn,NO3,,,n1ccc(cc1)c1ccncc1,
EVADIQ,,CN(C)C=O,CS(=O)C,O,,,0.566,0.088,0.346,,,,,,,,120,96,Dy,NO3,,,[O-]C(=O)c1ccc(nc1)c1ccc(cn1)C(=O)[O-],
HEKTUO,43.0,CC(=O)N(C)C,,,,,1.0,,,,,,,,,,120,96,Cd,NO3,,,[O-]C(=O)c1ccc(cc1)c1cc(cc(c1)C(=O)[O-])C(=O)[O-],
JUSBAC,33.0,CN(C)C=O,,,,,1.0,,,,,,,,,,120,96,Cd,NO3,,,,
NEVJEF,64.0,C1CCOC1,O,,,,0.182,0.818,,,,[OH-].[Na+],,,,,120,96,Cd,NO3,,,[O-]C(=O)CN(c1cc(ccc1C(=O)[O-])C(=O)[O-])CC(=O)[O-],n1ccc(cc1)c1ccncc1
NEVJOP,67.0,C1CCOC1,O,,,,0.182,0.818,,,,[OH-].[Na+],,,,,120,96,Zn,NO3,,,[O-]C(=O)CN(c1cc(ccc1C(=O)[O-])C(=O)[O-])CC(=O)[O-],n1ccc(cc1)c1ccncc1
UWELIS,,CC(=O)N(C)C,,,,,1.0,,,,,,,,,,120,96,Zn,NO3,,,O=C(c1ccncc1)Nc1cc(cc(c1)C(=O)[O-])C(=O)[O-],
IQECIS,,CC(=O)N(C)C,CO,C1COCCO1,,,0.286,0.652,0.062,,,[H+].[B-](F)(F)(F)F,,,,,120,120,Co,SO4,,,,
MAZSUD,83.0,CN(C)C=O,,,,,1.0,,,,,,,,,,120,120,Zn,NO3,,,,
OBIBAF,35.0,CC(=O)N(C)C,O,,,,0.51,0.49,,,,,,,,,120,120,Mg,NO3,,,[O-]C(=O)C,[O-]C(=O)c1ccc(cc1)OCc1c(C)c(COc2ccc(cc2)C(=O)[O-])c(c(c1C)COc1ccc(cc1)C(=O)[O-])C
OBIBEJ,82.0,CN(C)C=O,O,,,,0.553,0.447,,,,,,,,,120,120,Ca,Cl,,,[O-]C(=O)c1ccc(cc1)OCc1c(C)c(COc2ccc(cc2)C(=O)[O-])c(c(c1C)COc1ccc(cc1)C(=O)[O-])C,
OBIBOT,23.0,CC(=O)N(C)C,O,,,,0.51,0.49,,,,,,,,,120,120,Ba,NO3,,,[O-]C(=O)c1ccc(cc1)OCc1c(C)c(COc2ccc(cc2)C(=O)[O-])c(c(c1C)COc1ccc(cc1)C(=O)[O-])C,[O]N(=O)=O
RIPWEU,35.0,O,,,,,1.0,,,,,CC(=O)[O-].[Na+],,,,,120,120,"W,Na,Mn,Sm,K",unknown,unknown,,,
RIPWIY,38.0,O,,,,,1.0,,,,,CC(=O)[O-].[Na+],,,,,120,120,"W,Na,Sm,K",unknown,unknown,NO3,[O-]C(=O)C(=O)[O-],[O]P(=O)([O])[O]
TAGTUT,,CC(=O)N(C)C,CN1CCCN(C1=O)C,,,,0.746,0.254,,,,C(C(=O)C(F)(F)F)C(=O)C(F)(F)F,,,,,120,120,Mg,NO3,,,[O-]C(=O)c1ccc2c(c1)ccc(c2)C(=O)[O-],
TAGVAB,,C(CO)NCCO,CCO,,,,0.633,0.367,,,,,,,,,120,120,Mg,NO3,,,[O-]C(=O)c1ccc(cc1)C(=O)[O-],
YOVNUU,35.0,CN(C)C=O,,,,,1.0,,,,,CCN(CC)CC,,,,,120,120,Ni,NO3,,,,
YOVPEG,35.0,CN(C)C=O,C1=CC=NC=C1,,,,0.981,0.019,,,,,,,,,120,120,Co,OAc,,,[O-]C(=O)c1ccc(cc1)Oc1ccc(cc1)C(=O)[O-],c1ncn(c1)c1ccc(cc1)c1cc(cc(c1)c1ccc(cc1)n1cncc1)c1ccc(cc1)n1cncc1
BIHMUC,,O,,,,,1.0,,,,,[OH-].[Na+],,,,,120,144,Co,Cl,,,[O-]C(=O)c1cc(cc(c1)C(=O)[O-])C(=O)[O-],[O][C](c1cncc(c1)C(=O)Nc1cccnc1)Nc1cccnc1
HELDOT,,CC(=O)N(C)C,,,,,1.0,,,,,,,,,,120,168,Co,Cl,,,[O-]C(=O)c1ccc(cc1)c1cc(cc(c1)c1ccc(cc1)C(=O)[O-])c1ccc(cc1)C(=O)[O-],
RUGKOV,,CN(C)C=O,O,,,,0.678,0.322,,,,,,,,,120,336,Zn,NO3,,,,
BEFGEA,,CN(C)C=O,C1COCCO1,O,,,0.481,0.291,0.228,,,[N+](=O)(O)[O-],,,,,130,24,In,Cl,,,[O-]C(=O)c1ccc(cc1)c1cc(cc(c1)c1ccc(cc1)C(=O)[O-])c1ccc(cc1)C(=O)[O-],
ILEPEW,41.0,O,CN(C)C=O,,,,0.81,0.19,,,,[N+](=O)(O)[O-],,,,,160,12,"Ba,La",NO3,NO3,,,
NAGQET,,CN(C)C=O,O,,,,0.678,0.322,,,,,,,,,130,24,Co,Cl,,,n1ccc(cc1)C1=NN=C([N]1)c1ccccn1,
NAGQOD,,O,,,,,1.0,,,,,,,,,,130,24,Co,Cl,,,n1ccc(cc1)C1=NN=C([N]1)c1ccccn1,n1ccc(cc1)C1=N[N]C(=N1)c1ccccn1
PAFNAO,62.0,O,CO,,,,0.832,0.168,,,,[OH-].[Na+],,,,,130,24,Cd,NO3,,,,
VICSIL,72.0,CO,O,,,,0.182,0.818,,,,[OH-].[Na+],,,,,130,24,Cu,Cl,,,Cc1c(Cn2ncnc2)c(C)c(c(c1C)Cn1ncnc1)C,[O-]C(=O)c1cc(cc(c1)S([O])([O])[O])C(=O)[O-]
WOXKOL,58.0,O,CN(C)C=O,,,,0.81,0.19,,,,[OH-].[Na+],,,,,130,24,Mn,Cl,,,[O-]C(=O)c1cc(ccc1c1ccc(cc1)c1ccc(cc1)c1ccc(cc1C(=O)[O-])C(=O)[O-])C(=O)[O-],c1ncn(c1)c1ccc(cc1)c1ccc(cc1)n1cncc1
FECYUJ,,CN(C)C=O,,,,,1.0,,,,,,,,,,130,28,Zn,NO3,,,[O-]C(=O)c1ccc2c(c1)ccc(c2)C(=O)[O-],
HEBJAB,56.0,O,,,,,1.0,,,,,[OH-].[Na+],,,,,130,48,Co,CH3COO,,,[O-]C(=O)c1ccc(cc1)COc1cc(cc(c1)C(=O)[O-])C(=O)[O-],n1ccc(cc1)CN1CCN(CC1)Cc1ccncc1
IVUVIG,,CC(=O)N(C)C,O,,,,0.28,0.72,,,,[N+](=O)(O)[O-],,,,,130,48,Sm,NO3,,,[O-]C(=O)c1cc([N][N]c2cc(cc(c2)C(=O)[O-])C(=O)[O-])cc(c1)C(=O)[O-],
JUNBUR,40.0,O,,,,,1.0,,,,,[OH-].[Na+],,,,,130,48,Cd,NO3,,,[O-]C(=O)c1cc(cc(c1)C(=O)[O-])C(=O)[O-],
ONODOM,28.0,CN(C)C=O,C1CCC(CC1)O,O,,,0.039,0.117,0.843,,,,,,,,130,48,Ni,NO3,,,,
XUBGUY,58.0,CN(C)C=O,,,,,1.0,,,,,,,,,,130,48,"Zr,Si",Cl|O,,,[O-]C(=O)c1ccc(cc1)[Si](c1ccc(cc1)C(=O)[O-])(c1ccc(cc1)C(=O)[O-])c1ccc(cc1)C(=O)[O-],
XUDYOM,57.0,CN(C)C=O,,,,,1.0,,,,,,,,,,130,48,In,NO3,,,[O-]C(=O)C(=O)[O-],
DUKMON,55.0,O,,,,,1.0,,,,,[OH-].[Na+],,,,,130,72,Co,Ac,,,[O-]C(=O)c1cc(OCCCCCCOc2cc(cc(c2)C(=O)[O-])C(=O)[O-])cc(c1)C(=O)[O-],c1ncn(c1)Cc1ccc(cc1)Cn1cncc1
FONPUV,49.0,O,,,,,1.0,,,,,,,,,,130,72,Zn,OAc,,,[O-]C(=O)c1ccc(cc1c1ccc(cc1)C(=O)[O-])C(=O)[O-],
LOMMIL,,O,,,,,1.0,,,,,,,,,,130,72,Y,Cl,,,[O-]C(=O)c1ccc(o1)C(=O)[O-],
QARTEK,,O,,,,,1.0,,,,,[OH-].[K+],[NH4+].[F-],,,,130,72,Cd,OAc,,,Fc1ccc(cc1)n1cc(C(=O)[O-])c(=O)c2c1cc(N1CCNCC1)c(c2)F,
TEJBOB,27.0,O,,,,,1.0,,,,,,,,,,130,72,Ag,NO3,,,n1ccc(cc1)C1=NC(=[N]=C([N]1)c1ccncc1)c1ccncc1,
TORXIJ,40.0,CO,O,,,,0.64,0.36,,,,[OH-].[Na+],,,,,130,72,Cu,Cl,,,[N]1C=NN=N1,
UZIJUJ,70.0,O,CN(C)C=O,,,,0.81,0.19,,,,,,,,,130,72,Ce,NO3,,,O=C(c1cc(cc(c1)C(=O)Nc1ccc(cc1)C(=O)[O-])C(=O)Nc1ccc(cc1)C(=O)[O-])Nc1ccc(cc1)C(=O)[O-],
WONBAD,76.0,CN(C)C=O,,,,,1.0,,,,,,,,,,130,72,Cd,NO3,,,,
WOZGUP,50.0,O,,,,,1.0,,,,,[OH-].[Na+],,,,,130,72,Co,OAc,,,C1=N[CH]N([N]1)Cc1ccc(cc1)c1ccc(cc1)Cn1cncn1,N1=C[N]N([CH]1)Cc1ccc(cc1)c1ccc(cc1)CN1[N]C=N[CH]1
YILJAG,,CN(C)C=O,CCO,,,,0.601,0.399,,,,,,,,,130,72,Zn,NO3,,,,
ETEMEX,,CCO,O,CN(C)C=O,,,0.231,0.745,0.023,,,[OH-].[Na+],,,,,130,96,Co,NO3,,,,
IWELIG,60.0,O,,,,,1.0,,,,,[OH-].[Na+],,,,,130,96,Co,OAC,,,O=C1NC=NC2=NC=N[C]12,
LARPIF,72.0,CN(C)C=O,,,,,1.0,,,,,[OH-].[Na+],,,,,130,120,"Na,Fe",OH,Cl,,,
BOPHEV,56.7,CN(C)C=O,,,,,1.0,,,,,[NH4+].[OH-],,,,,130,144,Cd,Br,,,[O-]C(=O)c1cc(c2cccc(c2)C(=O)[O-])c(cc1c1cccc(c1)C(=O)[O-])C(=O)[O-],
BOPHIZ,86.7,CN(C)C=O,,,,,1.0,,,,,[NH4+].[OH-],,,,,130,144,Cd,Br,,,[O-]C(=O)c1cc(c2cccc(c2)C(=O)[O-])c(cc1c1cccc(c1)C(=O)[O-])C(=O)[O-],
RULXOM,50.0,CN(C)C=O,CS(=O)C,,,,0.187,0.813,,,,[H+].[B-](F)(F)(F)F,,,,,135,72,Fe,Cl,,,[O-]C(=O)c1ccc(cc1)C1=NC(=[N]=C([N]1)c1ccc(cc1)C(=O)[O-])c1ccc(cc1)C(=O)[O-],
EZIVAM,73.0,CN(C)C=O,CCO,,,,0.601,0.399,,,,,,,,,140,12,Sr,CO3,,,[O-]C(=O)C1CCN(CC1)C1=NC(=[N]=C([N]1)N1CCC(CC1)C(=O)[O-])N1CCC(CC1)C(=O)[O-],
GUVBOQ,31.0,O,,,,,1.0,,,,,,,,,,140,72,Zn,NO3,,,[O-]C(=O)[C]1C(=CC(=CC1=O)c1cc(cc(c1)c1cc(O)c(c(c1)O)C(=O)[O-])c1cc(O)c(c(c1)O)C(=O)[O-])O,
ECEZAO,,O,,,,,1.0,,,,,[OH-].[Na+],,,,,140,24,Ni,NO3|H2O,,,[O-]C(=O)C1CCC(CC1)C(=O)[O-],
RESWOC,65.0,CN(C)C=O,CCO,O,,,0.193,0.256,0.551,,,,,,,,80,24,Er,NO3,,,[O-]C(=O)c1c(F)c(F)c(c(c1F)F)C(=O)[O-],
RESWUI,43.0,CN(C)C=O,CCO,O,,,0.152,0.201,0.648,,,,,,,,80,24,Er,NO3,,,[O-]C(=O)c1ccc(cc1)C(=O)[O-],
VEYVEC,68.0,O,,,,,1.0,,,,,,,,,,140,24,Co,CH3COO,,,[O-]C(=O)c1c(C(=O)O)c(C(=O)[O-])c(c(c1C(=O)[O-])C(=O)O)C(=O)[O-],n1ccc(cc1)c1ccncc1
KIYMIP,42.0,O,,,,,1.0,,,,,,,,,,140,40,Ni,NO3,,,[O-]C(=O)c1cc(ccc1C(=O)[O-])C(C(F)(F)F)(C(F)(F)F)c1ccc(c(c1)C(=O)[O-])C(=O)[O-],n1ccc(cc1)c1ccncc1
DOQKAW,60.0,CC(=O)N(C)C,,,,,1.0,,,,,,,,,,140,48,Cd,NO3,,,,
DUSHEG,,CC(=O)N(C)C,,,,,1.0,,,,,[H+].[B-](F)(F)(F)F,,,,,140,48,Ni,NO3,,,,
DUSHIK,,CC(=O)N(C)C,,,,,1.0,,,,,[H+].[B-](F)(F)(F)F,,,,,140,48,Fe,Cl,,,,
EXOTOB,50.0,CO,O,,,,0.308,0.692,,,,,,,,,140,48,Ni,NO3,,,[O-]C(=O)c1cccc(c1c1c(cccc1C(=O)[O-])C(=O)[O-])C(=O)[O-],n1ccc(cc1)C1=NC(=[N]=C([N]1)c1ccncc1)c1ccncc1
NEFTUP,10.0,O,CO,,,,0.632,0.368,,,,[N+](=O)(O)[O-],,,,,140,48,Co,NO3,,,[N][N][N],c1ncn(c1)c1ccc(cc1)n1cncc1
QUHMOX,35.0,CS(=O)C,,,,,1.0,,,,,,,,,,140,48,Gd,SO4,,,[O-]C=O,[O]S(=O)(=O)[O]
QUPDEL,35.0,O,,,,,1.0,,,,,,,,,,140,48,Gd,NO3,,,[O-]C(=O)C(=O)[O-],[O-]C(=O)C=CC(=O)[O-]
RUSSAA,61.0,O,,,,,1.0,,,,,,,,,,140,48,"Cd,Co",NO3,NO3,,N#Cc1cccc(c1)C(=O)[O-],[O-]C(=O)c1cccc(c1)C1=NN=N[N]1
TEVHEJ,37.0,CN(C)C=O,,,,,1.0,,,,,,,,,,140,48,Ni,NO3,,,,
VAKLIF,20.0,O,,,,,1.0,,,,,CCN(CC)CC,,,,,140,48,Cd,SO4,,,,
VAKNAZ,35.0,O,,,,,1.0,,,,,CCN(CC)CC,,,,,140,48,Cd,NO3,,,,
VAKNED,18.0,O,,,,,1.0,,,,,CCN(CC)CC,,,,,140,48,Cd,NO3,,,,
WUDQIW,25.0,CCO,O,,,,0.237,0.763,,,,,,,,,140,48,Ni,Cl,,,[O-]C(=O)Cn1cncn1,
EMIYEF,50.0,O,,,,,1.0,,,,,,,,,,140,72,"Mo,Co",O,NO3,,Nn1c(nnc1c1cccnc1)c1cccnc1,
GERWIL,21.0,CCO,CN(C)C=O,,,,0.841,0.159,,,,Cl,,,,,140,72,"Zn,Si",NO3,,,[O-]C(=O)c1cc(cc(c1)C(=O)[O-])[Si](c1cc(cc(c1)C(=O)[O-])C(=O)[O-])(c1cc(cc(c1)C(=O)[O-])C(=O)[O-])c1cc(cc(c1)C(=O)[O-])C(=O)[O-],
HIHFUB,35.0,O,CN(C)C=O,,,,0.681,0.319,,,,Cl,,,,,140,72,"Si,Nd",,Cl,,[O-]C(=O)c1ccc(cc1)[Si](c1ccc(cc1)C(=O)[O-])(c1ccc(cc1)C(=O)[O-])c1ccc(cc1)C(=O)[O-],
NANMAS,52.0,O,CCO,,,,0.928,0.072,,,,CCN(CC)CC,,,,,140,72,"Mg,La",O,O,,[O-]C(=O)COCC(=O)[O-],
OGUPIQ,2.0,O,,,,,1.0,,,,,[OH-].[Na+],,,,,140,72,Co,NO3|H2O,,,Nc1cc(cc(c1)C(=O)[O-])C(=O)[O-],
QANSUV,55.0,CC#N,O,,,,0.41,0.59,,,,,,,,,140,72,Cu,NO3,,,,
QINSUD,,CN(C)C=O,CO,,,,0.345,0.655,,,,,,,,,140,72,Mn,OAc,,,[O-]C=O,
REYBAA,65.0,O,CN(C)C=O,,,,0.928,0.072,,,,,,,,,140,72,Zn,Cl,,,[O-]C(=O)c1cc(OCc2ccc(cc2)COc2cc(cc(c2)C(=O)[O-])C(=O)[O-])cc(c1)C(=O)[O-],n1ccc(cc1)[N][N]c1ccncc1
RUFDUT,,CN(C)C=O,O,,,,0.19,0.81,,,,,,,,,140,72,Ni,Ac,,,[O]P(=O)(C(P(=O)([O])[O])(Cc1cccnc1)O)[O],
RUPTED,65.0,CC#N,O,,,,0.172,0.828,,,,CC(=O)O,,,,,140,72,Cu,I,,,[O-]C(=O)c1cnccn1,
SAJDIT,62.0,CN(C)C=O,CN1CCCC1=O,,,,0.882,0.118,,,,C(=O)O,,,,,140,72,Tb,NO3,,,Cc1c(COc2cccc(c2)C(=O)[O-])c(C)c(c(c1COc1cccc(c1)C(=O)[O-])C)COc1cccc(c1)C(=O)[O-],
SEFSOM,,O,,,,,1.0,,,,,[OH-].[Na+],,,,,140,72,Cd,Cl,,,[O-]C(=O)c1cc(cc(c1)S([O])([O])[O])C(=O)[O-],c1ncn(c1)Cc1ccc(cc1)Cn1cncc1
UXIQOJ,46.0,CN(C)C=O,O,,,,0.281,0.719,,,,[N+](=O)(O)[O-],,,,,140,72,Ni,CH3COO,,,[O-]C(=O)c1cc(cc(c1)C(=O)[O-])c1cc(cc(c1)C(=O)[O-])C(=O)[O-],
YOPQEB,57.0,O,CCO,,,,0.763,0.237,,,,[OH-].[Na+],,,,,140,72,Co,NO3,,,[O-]C(=O)c1cc(cc(c1c1cc(cc(c1)C(=O)O)C(=O)[O-])C(=O)[O-])C(=O)[O-],n1ccc(cc1)c1ccncc1
ZALMIL,55.0,O,,,,,1.0,,,,,[OH-].[Na+],,,,,140,72,Co,Cl,,,[O-]C(=O)C1CC(C(=O)[O-])C(CC1C(=O)[O-])C(=O)[O-],c1ncn(c1)Cc1ccc(cc1)Cn1cncc1
COWXOC,74.0,CO,CN(C)C=O,O,,,0.902,0.053,0.045,,,,,,,,140,75,Cd,NO3,,,,
JEBCOJ,78.0,O,,,,,1.0,,,,,,,,,,140,80,"Cu,Sm",O,O,,[O-]C(=O)CNCC(=O)[O-],
HUYXOP,,CN(C)C=O,O,CCO,,,0.192,0.616,0.191,,,,,,,,140,96,Ni,NO3,,,[O-]C=O,c1ncn(c1)c1ccc(cc1)c1ccc(cc1)n1cncc1
HUYXUV,,CN(C)C=O,O,CCO,,,0.192,0.616,0.191,,,C(=O)O,,,,,140,96,Co,NO3,,,[O-]C=O,c1ncn(c1)c1ccc(cc1)c1ccc(cc1)n1cncc1
LASMAV,5.0,CCO,,,,,1.0,,,,,CCN(CC)CC,,,,,140,96,Co,NO3,,,[O-]C(=O)c1ccncc1,
VEMDAT,75.0,O,,,,,1.0,,,,,,,,,,140,96,Zn,CO3,,,,
SOGXAP,,O,,,,,1.0,,,,,,,,,,140,120,Ce,O,,,,
YIPDOR,52.0,O,,,,,1.0,,,,,,,,,,140,120,Cu,NO3,,,n1cnn(c1)Cc1ccc(cc1)c1ccc(cc1)Cn1ncnc1,
ZIQJEQ,70.0,O,,,,,1.0,,,,,Cl,,,,,140,120,Cu,unknown|NO3,,,C1=N[CH]N([N]1)Cc1ccc(cc1)Cn1cncn1,N1=C[N]N([CH]1)Cc1ccc(cc1)CN1[N]C=N[CH]1
OHOLIH,,CN(C)C=O,,,,,1.0,,,,,CCN(CC)CC,,,,,110,20,Zn,NO3,,,,
HIQKID,64.0,O,CN(C)C=O,,,,0.031,0.969,,,,C(=O)O,,,,,150,24,U,Cl,,,,
LALFUB,52.0,O,,,,,1.0,,,,,[N+](=O)(O)[O-],,,,,150,24,Eu,O,,,[O-]C(=O)C(=O)[O-],[O-]C(=O)c1ncc(nc1)C(=O)[O-]
PERSEM,,O,,,,,1.0,,,,,,,,,,150,24,"Zn,U",,NO3|O,,[O-]C(=O)c1c(C(=O)O)c(C(=O)[O-])c(c(c1C(=O)[O-])C(=O)O)C(=O)[O-],
PEWFII,,O,,,,,1.0,,,,,,,,,,150,24,"Cu,U",,NO3|O,,[O-]C(=O)c1cc(C(=O)[O-])c(cc1C(=O)[O-])C(=O)[O-],
FONKEA,62.0,CN(C)C=O,CO,O,,,0.039,0.296,0.665,,,,,,,,150,36,Cd,H2O|L,,,[O-]C(=O)c1ccc(cc1c1ccc(cc1)C(=O)[O-])C(=O)[O-],
DOGZIJ,,O,,,,,1.0,,,,,,,,,,150,43,Zn,NO3|H2O,,,Cc1c(C)c(Cn2cncc2)c(c(c1Cn1cncc1)C)C,[O-]C(=O)c1ccc(cc1)C(=O)[O-]
HUNBIB,,O,,,,,1.0,,,,,,,,,,150,48,"As,Fe",O,C2O4,,,
YUPSIM,5.0,O,,,,,1.0,,,,,[N+](=O)(O)[O-],,,,,150,50,Pr,O,,,Nc1cc(cc(c1)C(=O)[O-])C(=O)[O-],[NH3]c1cc(cc(c1)C(=O)[O-])C(=O)[O-]
FIHFAF,83.0,CN(C)C=O,O,,,,0.483,0.517,,,,,,,,,150,60,Co,NO3,,,,
OTAXOX,61.0,CN(C)C=O,,,,,1.0,,,,,[N+](=O)(O)[O-],,,,,150,60,Mg,CO2CH3,,,[O-]C=O,
QOPPES,,CN(C)C=O,,,,,1.0,,,,,N,,,,,150,65,Co,NO3,,,[O-]C(=O)c1ccc(cc1)C(=O)[O-],[O-]C(=O)c1ccncc1
CAHQAG,61.0,O,,,,,1.0,,,,,,,,,,150,72,Mn,OAc,,,,
HUNBEX,,CCCCO,O,,,,0.09,0.91,,,,CC(=O)O,Cl,,,,150,72,"Zn,K",O,,,[O-]C(=O)C(=O)[O-],
ILOJEZ,51.0,O,,,,,1.0,,,,,[OH-].[Na+],,,,,150,72,Zn,NO3,,,N1=C[N]N([CH]1)Cc1ccc(cc1)c1ccc(cc1)CN1[N]C=N[CH]1,[O-]C(=O)c1cc(C(=O)[O-])c(cc1C(=O)[O-])C(=O)[O-]
ILOTOT,40.0,CO,CC#N,O,,,0.096,0.038,0.866,,,[OH-].[Na+],,,,,150,72,Co,NO3,,,[O-]C(=O)c1ccc(cc1)OCCCOc1ccc(cc1)C(=O)[O-],
IYEPUZ,39.0,CC(=O)N(C)C,CCO,O,,,0.74,0.197,0.063,,,,,,,,150,72,Mn,Cl,,,[O-]C(=O)c1cc(Oc2ccc(cc2)C2=C3C=CC4=[N]3[Mn]35n6c2ccc6C(=C2[N]3=C(C=C2)C(=c2n5c(=C4c3ccc(cc3)Oc3cc(cc(c3)C(=O)[O-])C(=O)[O-])cc2)c2ccc(cc2)Oc2cc(cc(c2)C(=O)[O-])C(=O)[O-])c2ccc(cc2)Oc2cc(cc(c2)C(=O)[O-])C(=O)[O-])cc(c1)C(=O)[O-],
JELPAS,80.0,O,,,,,1.0,,,,,,,,,,150,72,"As,Fe",O,C2O4,,[O-]C(=O)C(=O)[O-],[O][As]([O])[O]
LIVLUZ,53.0,CN(C)C=O,,,,,1.0,,,,,,,,,,150,72,Cd,,,,[O-]C(=O)c1ccc(cc1)N1[N]C=N[CH]1,
NAFGOR,,CC(=O)N(C)C,,,,,1.0,,,,,,,,,,150,72,Co,Ac,,,,
PELXIP,45.0,O,,,,,1.0,,,,,,,,,,150,72,Cd,Cl,,,[O-]C(=O)c1cccc(c1)C1=NN=N[N]1,
SUWQEI,32.0,O,,,,,1.0,,,,,Cl,,,,,150,72,Cu,Cl,,,n1ccc(cc1)c1ccncc1,
TEDSIG,74.0,O,CCO,,,,0.942,0.058,,,,,,,,,150,72,Zn,OAC,,,Cc1nccn1CCCCCCn1ccnc1C,[O-]C(=O)c1cc(cc(c1)C(=O)[O-])C(=O)[O-]
TORXAB,30.0,O,,,,,1.0,,,,,,,,,,150,72,Cu,Cl,,,[N]1C=NN=N1,[N]1N=NC=N1
VAJQOP,62.0,CCO,O,,,,0.237,0.763,,,,,,,,,150,72,Co,CH3COO,,,[O-]C(=O)c1cnccc1C(=O)[O-],n1ccc(cc1)C=Cc1ccncc1
WARJAC,44.0,O,,,,,1.0,,,,,[OH-].[Na+],,,,,150,72,Ni,SO4,,,[O-]C(=O)C1=N[N]C(=N1)C(=O)[O-],
WISTID,65.0,O,CCO,,,,0.866,0.134,,,,,,,,,150,72,Zn,NO3,,,[O-]C(=O)c1ccc(cc1c1cc(ccc1C(=O)[O-])C(=O)[O-])C(=O)[O-],
WOSHET,64.0,CC#N,,,,,1.0,,,,,N,,,,,150,72,Cu,Br,,,,
WUTCET,,CN(C)C=O,,,,,1.0,,,,,,,,,,150,72,Co,H2O|bpdc,,,,
XUHCAG,51.0,O,,,,,1.0,,,,,CCN(CC)CC,[NH4+].[F-],,,,150,72,Ni,Ac,,,,
YUKVIK,19.0,O,,,,,1.0,,,,,[Li+].[OH-],,,,,150,72,Ni,HCOO,,,[O-]C=O,
BURJOO,35.0,O,,,,,1.0,,,,,[OH-].[Na+],CCN(CC)CC,,,,150,96,Co,NO3,,,[O-]C(=O)c1cc2[nH]cnc2cc1C(=O)[O-],n1ccc(cc1)[C]1N[N]C(=N1)c1ccncc1
CUFJUK,78.6,CN(C)C=O,O,,,,0.149,0.851,,,,OCl(=O)(=O)=O,,,,,150,96,Co,NO3,,,[O-]C(=O)c1cc(c2cccc(c2)C(=O)[O-])c(cc1c1cccc(c1)C(=O)[O-])C(=O)[O-],
IYAJID,32.5,CC(=O)N(C)C,CO,,,,0.637,0.363,,,,[OH-].[Na+],,,,,150,96,"Cd,Na",OAc,,,[O-]C(=O)c1ccc(cc1)C(=O)[O-],
IYAJOJ,35.6,CC(=O)N(C)C,CO,,,,0.637,0.363,,,,[OH-].[Na+],[OH-].[K+],,,,150,96,"Cd,Na,K",OAc,,,[O-]C(=O)c1ccc(cc1)C(=O)[O-],
IYAJUP,30.2,CO,CC(=O)N(C)C,,,,0.363,0.637,,,,[OH-].[K+],,,,,150,96,"Cd,K",OAc,,,[O-]C(=O)c1ccc(cc1)C(=O)[O-],
IYAKAW,,CO,CC(=O)N(C)C,,,,0.363,0.637,,,,,,,,,150,96,"Cd,Mg",OAc,OH,,[O-]C(=O)c1ccc(cc1)C(=O)[O-],
IYAKIE,29.4,CO,CC(=O)N(C)C,,,,0.363,0.637,,,,,,,,,150,96,"Ca,Cd",OH,OAc,,[O-]C(=O)c1ccc(cc1)C(=O)[O-],
LARPOL,91.0,CN(C)C=O,,,,,1.0,,,,,,,,,,150,96,Fe,Cl,,,[O-]C(=O)c1cc(cc(c1)C(=O)[O-])C(=O)[O-],
LARZEL,76.3,C1=CC=NC=C1,O,,,,0.006,0.994,,,,,,,,,160,96,Cd,NO3|H2O,,,CC1=NC(=C([N]1)C(=O)[O-])C(=O)[O-],CC1=N[C](C(=N1)C(=O)[O-])C(=O)[O-]
ORIBAU,22.6,CO,CN(C)C=O,,,,0.322,0.678,,,,,,,,,150,96,Zn,OAc,,,[O-]C(=O)c1ccc(cc1)C(=O)[O-],
SOTTUR,62.0,CCO,O,,,,0.058,0.942,,,,[OH-].[Na+],,,,,150,96,Sr,NO3,,,[O]P(=O)(C[NH]1CC[NH](CC1)CP(=O)([O])[O])[O],
TOFLAD,,CC(=O)N(C)C,O,,,,0.105,0.895,,,,,,,,,150,96,Cd,NO3,,,[O-]C(=O)c1cc(cc(c1)C(=O)[O-])C(=O)[O-],n1ccc(cc1)c1cc(nc(c1)c1ccncc1)c1ccncc1
XACSIG,20.0,O,,,,,1.0,,,,,[OH-].[Na+],,,,,150,96,Mn,Cl,,,[O-]C(=O)c1cc(OCc2ccc(cc2)C(=O)[O-])cc(c1)OCc1ccc(cc1)C(=O)[O-],
PABXAT,,O,,,,,1.0,,,,,[OH-].[Na+],,,,,150,120,Pr,NO3,,,[O-]C(=O)C=CC(=O)[O-],
QOSXOM,35.4,CCC(CO)N,C1=CC=CC=C1,,,,0.512,0.488,,,,,,,,,150,120,Zn,Ac,,,,
YOFGOR,,CCN(CC)C=O,,,,,1.0,,,,,,,,,,150,120,Mn,Cl,,,[O-]C(=O)c1cccc(c1)C(=O)[O-],[O-]C=O
NOQKOV,87.0,O,,,,,1.0,,,,,CCN(CC)CC,,,,,160,12,Co,Cl,,,[O-]C(=O)C1=C([N]C=N1)C(=O)[O-],n1ccc(cc1)c1ccc(cc1)c1ccncc1
REYJEM,,CN(C)C=O,,,,,1.0,,,,,Cl,,,,,160,24,In,NO3,,,[O-]C(=O)c1cc(OCC(COc2cc(cc(c2)C(=O)[O-])C(=O)[O-])(COc2cc(cc(c2)C(=O)[O-])C(=O)[O-])COc2cc(cc(c2)C(=O)[O-])C(=O)[O-])cc(c1)C(=O)[O-],
ANIDIL,,CN(C)C=O,CCO,,,,0.159,0.841,,,,[NH4+].[OH-],,,,,160,48,Co,NO3,,,,
CUXFUX,65.0,O,,,,,1.0,,,,,C(=O)(C(=O)O)O,[OH-].[Na+],,,,180,72,Co,Cl,,,,
EXALAR,,O,,,,,1.0,,,,,,,,,,160,48,Ni,Cl,,,C(CN1[N]C=N[CH]1)CCN1[N]C=N[CH]1,C(CN1[N]C=N[CH]1)CCn1ncnc1
HEBNOT,,O,,,,,1.0,,,,,,,,,,160,48,"Zn,U",OAc|UO2,O,,,
IPIHIA,42.0,O,CO,,,,0.818,0.182,,,,[OH-].[Na+],,,,,160,48,Cd,NO3,,,[O-]C(=O)c1cc(C(=O)[O-])c(cc1C(=O)[O-])C(=O)[O-],c1ccc(c(c1)Cn1ncnc1)Cn1ncnc1
WUDJAI,31.0,O,,,,,1.0,,,,,,,,,,160,48,Co,NO3,,,[O-]C(=O)c1ccc(c(c1)S([O])([O])[O])C(=O)[O-],n1ccc(cc1)c1ccncc1
IZEBEV,,O,,,,,1.0,,,,,C(=O)(O)[O-].[Na+],,,,,160,60,Cd,OAC,,,[O-]C(=O)c1ccc(cc1)COc1cc(cc(c1)C(=O)[O-])C(=O)[O-],
WUPNIF,,O,,,,,1.0,,,,,C(=O)([O-])[O-].[Na+].[Na+],,,,,160,60,"Cu,Na,Zn",NO3,CO3,Cl,[O-]C(=O)c1cc(C(=O)[O-])c(cc1C(=O)[O-])C(=O)[O-],
IWOSAP,,O,,,,,1.0,,,,,CCN(CC)CC,,,,,160,65,Ho,NO3,,,[O-]C(=O)CCC(=O)[O-],
ACUJOZ,38.0,O,CN(C)C=O,,,,0.681,0.319,,,,[OH-].[Na+],,,,,160,72,"Cu,Cr",NO3,Cl,,,
AQEFUY,,O,,,,,1.0,,,,,[N+](=O)(O)[O-],,,,,160,72,Ag,NO3,,,n1ccncc1,
AVESAW,42.0,O,CC#N,,,,0.742,0.258,,,,,,,,,160,72,Cd,Cl,,,[N]1=CN=NC=1,[N]1C=NN=C1
DUFXOT,72.0,O,,,,,1.0,,,,,,,,,,160,72,Sr,Cl,,,[O-]C(=O)c1cc(cc(c1)S([O])([O])[O])C(=O)O,
ELOGUJ,42.0,O,,,,,1.0,,,,,Cl,,,,,160,72,"W,V,Co",O,NH4|O,Cl,c1ncn(c1)c1ccc(cc1)n1cncc1,
EXALIZ,,O,,,,,1.0,,,,,[OH-].[Na+],,,,,160,72,"Mo,Ni",unknown,Cl,,C(CN1[N]C=N[CH]1)CCn1ncnc1,C(Cn1ncnc1)CCn1ncnc1
FAHQIQ,,O,CN(C)C=O,,,,0.81,0.19,,,,,,,,,160,72,In,NO3,,,[O-]C(=O)c1ccc(cc1)c1ccc(cc1)C(=O)[O-],
FASHAK,65.0,O,,,,,1.0,,,,,C(=O)([O-])[O-].[Na+].[Na+],,,,,160,72,Pr,NO3,,,[O]c1cc(cc(c1)C(=O)[O-])C(=O)[O-],
FIBFUS,,O,CCO,,,,0.951,0.049,,,,,,,,,160,72,Ni,ClO4,,,c1ncn(c1)Cc1ccc(cc1)C1=NC(=[N]=C([N]1)c1ccc(cc1)Cn1cncc1)c1ccc(cc1)Cn1cncc1,
HABZEQ,46.0,O,,,,,1.0,,,,,[OH-].[Na+],,,,,160,72,Co,CH3COO,,,[O-]C(=O)c1cc(ccc1C(=O)[O-])C(=O)[O-],
HUWLUI,,CN(C)C=O,,,,,1.0,,,,,[N+](=O)(O)[O-],,,,,160,72,Th,NO3,,,,
JUNBOL,42.0,O,,,,,1.0,,,,,[OH-].[Na+],,,,,160,72,Cd,NO3,,,OC(=O)c1ccc(cc1)Oc1cc(cc(c1)C(=O)[O-])C(=O)[O-],[O-]C(=O)c1ccc(cc1)Oc1cc(cc(c1)C(=O)[O-])C(=O)[O-]
KAVNIH,62.0,C1=CC=NC=C1,CN(C)C=O,,,,0.028,0.972,,,,,,,,,160,72,Co,NO3,,,[O-]C(=O)c1c2ccccc2c(c2c1cccc2)C(=O)[O-],c1ncn(c1)c1ccc(cc1)c1cc(cc(c1)c1ccc(cc1)n1cncc1)c1ccc(cc1)n1cncc1
KUJNEJ,65.0,CO,CC(=O)N(C)C,,,,0.363,0.637,,,,[OH-].[Na+],,,,,160,72,Ni,NO3,,,[O-]C(=O)c1ccc(cc1)c1ccncc1,[O-]C(=O)c1ccc2c(c1)ccc(c2)C(=O)[O-]
LIJXEI,40.0,CCO,,,,,1.0,,,,,[OH-].[Na+],,,,,160,72,Cd,OAc,,,,
MUVROM,,O,CC#N,,,,0.812,0.188,,,,,,,,,160,72,Co,Ac,,,[O-]C(=O)c1cc(cc(c1)C(=O)[O-])C(=O)[O-],c1cc(cc(c1)n1cnnc1)n1cnnc1
NANMEW,63.0,O,CCO,,,,0.866,0.134,,,,CCN(CC)CC,,,,,160,72,"Mg,La",O,O,,[O-]C(=O)c1cccc(n1)C(=O)[O-],
NOMKUX,47.0,O,,,,,1.0,,,,,[OH-].[Na+],,,,,160,72,Ag,NO3,,,n1ccncc1,
NUNZUT,,CO,O,,,,0.082,0.918,,,,,,,,,160,72,Cu,NO3,,,,
ONEJUN,,O,,,,,1.0,,,,,Cl,,,,,160,72,"W,Cu",unknown,Cl,,[O]P(=O)([O])[O],n1ccncc1
ORUHAM,63.0,O,CO,,,,0.692,0.308,,,,,,,,,160,72,Cd,NO3,,,[O-]C(=O)c1ccc(c2c1cccc2)C(=O)[O-],c1cnc(cn1)C1=N[C](N[N]1)c1ccncc1
PEWKOT,77.0,CC#N,O,,,,0.207,0.793,,,,CCN(CC)CC,,,,,160,72,Cd,NO3,,,Brc1ccc(cc1)C1=NC(=C([N]1)C(=O)[O-])C(=O)[O-],n1ccc(cc1)c1ccncc1
PUPXII,64.0,O,,,,,1.0,,,,,,,,,,160,72,Mn,Cl,,,[O-]C(=O)c1[nH]c(nc1C(=O)[O-])c1ccncc1,
PURNEX,65.0,O,,,,,1.0,,,,,Cl,,,,,160,72,"W,Cu,Si",,Cl,,[O][Si]([O])([O])[O],c1ncn(c1)c1ccc(cc1)n1cncc1
PURNIB,57.0,O,,,,,1.0,,,,,Cl,,,,,160,72,"W,Co,Si,K,Cu",unknown,unknown,,[O][Si]([O])([O])[O],c1ncn(c1)c1ccc(cc1)n1cncc1
REKZIR,,O,CCO,,,,0.446,0.554,,,,[OH-].[Na+],,,,,160,72,Cd,MeCO2,,,,
SIVWUR,70.0,O,CC#N,,,,0.896,0.104,,,,,,,,,160,72,Cd,I,,,[O-]C(=O)c1cccc(c1)c1cncc(c1)c1cccc(c1)C(=O)[O-],
TIKMEH,44.0,O,C(CO)O,,,,0.755,0.245,,,,[Li+].O.[OH-],,,,,160,72,Cd,NO3,,,[O-]C(=O)c1c(cccc1C(=O)[O-])C(=O)[O-],n1ccc(cc1)c1ccncc1
TIXCIO,42.0,CO,O,,,,0.082,0.918,,,,,,,,,160,72,Cd,ClO4,,,n1cc([nH]c1)c1cc(cc(c1)c1[nH]cnc1)c1[nH]cnc1,
VAKREG,75.0,CN(C)C=O,,,,,1.0,,,,,,,,,,160,72,Co,NO3,,,[O-]C(=O)c1ccc(cc1)C(=O)[O-],
VIZQEC,63.0,CO,CN(C)C=O,,,,0.655,0.345,,,,,,,,,160,72,Co,Cl,,,[O-]C(=O)c1ccc(cc1)S(=O)(=O)c1ccc(cc1)C(=O)[O-],
VOCCOH,49.0,O,,,,,1.0,,,,,[OH-].[Na+],,,,,160,72,Ni,OAc,,,[O-]C(=O)c1cc(cc(c1)C(=O)[O-])c1cc(ccc1C(=O)[O-])C(=O)[O-],
VUHGAH,70.0,O,CCO,,,,0.446,0.554,,,,[OH-].[Na+],,,,,160,72,Co,ClO4,,,[O-]C(=O)c1cc(cc(c1)n1cncc1)n1cncc1,
WODQUD,,O,,,,,1.0,,,,,,,,,,160,72,Sm,NO3,,,[O-]C(=O)C(=O)[O-],[O-]C(=O)c1[nH][n-]c(c1)C(=O)[O-]
XADDOX,,CO,,,,,1.0,,,,,,,,,,160,72,Co,OAc,,,[O-]C(=O)c1cccc(c1)C(=O)[O-],
XAXQEU,60.0,O,CC#N,,,,0.852,0.148,,,,,,,,,160,72,In,Cl,,,[O-]C(=O)C1CCC(CC1)C(=O)[O-],
XOVVEK,81.0,O,,,,,1.0,,,,,[OH-].[Na+],,,,,160,72,Zn,NO3,,,[N]1C=NN=C1,[O-]C(=O)c1cccc(c1)C(=O)[O-]
XULDOZ,65.0,CC#N,CO,O,C1COCCO1,,0.019,0.048,0.43,0.503,,[OH-].[Na+],,,,,160,72,Co,NO3,,,[O-]C(=O)c1cc(OCCCCCOc2cc(cc(c2)C(=O)[O-])C(=O)[O-])cc(c1)C(=O)[O-],
YOQYOT,,O,,,,,1.0,,,,,CCN(CC)CC,,,,,160,72,Cd,NO3,,,[O-]C(=O)c1ccc(cc1)C(=O)[O-],n1ncn(c1)CCn1cnnc1
FEYDET,,O,C1=CC=NC=C1,,,,0.947,0.053,,,,,,,,,160,85,In,Cl,,,[O-]C(=O)c1cc(cc(c1)C(=O)[O-])C(=O)[O-],
AGUWUV,56.0,O,,,,,1.0,,,,,,,,,,160,96,Ni,Cl,,,[O-]C(=O)c1cc(C(=O)[O-])c(cc1C(=O)[O-])C(=O)[O-],c1cnc(cn1)C1=NN=N[N]1
COVYIX,60.0,O,,,,,1.0,,,,,CCN(CC)CC,,,,,160,96,Cu,OAc,,,,
GIKMOD,39.0,O,,,,,1.0,,,,,CCN(CC)CC,,,,,160,96,Cu,Cl,,,[O-]C(=O)c1cc(cc(c1)S([O])([O])[O])C(=O)[O-],
ITIPAE,63.0,CN(C)C=O,,,,,1.0,,,,,,,,,,160,96,Zn,NO3,,,[O-]C=O,
KAVGAQ,66.0,O,,,,,1.0,,,,,CCN(CC)CC,,,,,160,96,Co,NO3,,,[O-]C(=O)C1=C([N]C=N1)C(=O)[O-],n1ccc(cc1)c1ccncc1
KUQWIE,35.9,O,,,,,1.0,,,,,C(CN)N,,,,,160,96,Cd,Cl,,,[O-]C(=O)C1CCN(CC1)CP(=O)([O])[O],
NEYJIM,58.0,O,,,,,1.0,,,,,Cl,,,,,160,96,"Mo,Cu",unknown,Cl,,n1ccncc1,
NIHVUX,40.0,O,,,,,1.0,,,,,,,,,,160,96,"W,Mn,Ce",unknown,unknown,NO3,,
OWETIU,50.0,O,,,,,1.0,,,,,[OH-].[Na+],,,,,160,96,"W,Ag",O,NO3,,C(Cn1cncc1)CCn1cncc1,[CH2]CCCn1cncc1
QATXIU,25.0,CN(C)C=O,,,,,1.0,,,,,CCN(CC)CC,,,,,160,96,Cd,Br,,,[O-]C(=O)c1cccc(c1c1c(cccc1C(=O)[O-])C(=O)[O-])C(=O)[O-],
TAHYUZ,20.0,O,,,,,1.0,,,,,,,,,,160,96,Co,AC,,,[O-]C(=O)c1cc(c2ccc(cc2)C(=O)[O-])c(cc1C(=O)[O-])c1ccc(cc1)C(=O)[O-],
WUJPIC,17.0,CC(=O)N(C)C,CO,,,,0.637,0.363,,,,[OH-].[Na+],,,,,160,96,"Na,Co",OH,NO3,,,
HAVZIP,64.0,O,CCO,,,,0.928,0.072,,,,,,,,,160,120,Co,NO3,,,[O-]C(=O)C(=O)[O-],n1ccc(cc1)c1ccncc1
MIZKAI,,CN(C)C=O,,,,,1.0,,,,,CCN(CC)CC,,,,,160,120,Cd,NO3,,,,
TOJVIZ,72.0,O,,,,,1.0,,,,,[OH-].[Na+],,,,,160,120,Co,NO3,,,[O-]C(=O)c1ccc(c2c1cccc2)C(=O)[O-],[O-][n+]1ccc(cc1)c1cc[n+](cc1)[O-]
TUGFAE,69.0,O,,,,,1.0,,,,,[OH-].[Na+],,,,,160,120,Ni,NO3,,,[O-]C(=O)c1ccc(c2c1cccc2)C(=O)[O-],[O-][n+]1ccc(cc1)c1cc[n+](cc1)[O-]
XUHVON,45.0,CN(C)C=O,CCO,,,,0.751,0.249,,,,,,,,,160,120,Zn,NO3,,,N1=NN=C([N]1)c1ccc(cc1)C1=NN=N[N]1,[O-]C(=O)c1cc(cc(c1)C(=O)[O-])C(=O)[O-]
QOKCID,80.0,O,,,,,1.0,,,,,[OH-].[K+],,,,,160,144,Zn,NO3,,,[O-]C(=O)c1cc(OCc2cccc(c2)COc2cc(cc(c2)C(=O)[O-])C(=O)[O-])cc(c1)C(=O)[O-],
TANLAX,,CN(C)C=O,,,,,1.0,,,,,OS(=O)(=O)O,,,,,160,144,Tb,O,,,[O]S(=O)(=O)[O],
JUKPEM,45.0,O,,,,,1.0,,,,,,,,,,160,50,"Ni,Na,W",Cl,unknown,unknown,,
VUQKAU,,CC(=O)N(C)C,,,,,1.0,,,,,,,,,,161,480,Mn,NO3,,,[O-]C(=O)c1ccc(cc1)c1ccc(cc1)C(=O)[O-],
NETYIV,37.5,O,,,,,1.0,,,,,Cl,,,,,165,96,Cu,Cl,,,N1=C[C]=C([C]=C1)c1ccncc1,n1ccc(cc1)c1ccncc1
SOGWIV,16.0,CCO,,,,,1.0,,,,,,,,,,165,168,Cd,NO3,,,[O-]C(=O)C(=O)[O-],
GISZUF,80.0,O,,,,,1.0,,,,,,,,,,170,24,Cd,SO4,,,[O]S(=O)(=O)[O],n1ccc(cc1)C1C(c2ccncc2)C(C1c1ccncc1)c1ccncc1
MITGIF,63.0,O,,,,,1.0,,,,,,,,,,170,36,Yb,Cl,,,[O-]C(=O)C1=[C]C(=C([C]=C1C(=O)[O-])C(=O)[O-])C(=O)[O-],[O-]C(=O)c1cc(C(=O)[O-])c(cc1C(=O)[O-])C(=O)[O-]
XOJWID,,CN(C)C=O,,,,,1.0,,,,,CCN(CC)CC,,,,,170,48,Zn,Ac,,,[O-]C(=O)c1ccc(cc1)P(=O)([O])[O],
XOJWOJ,,O,CC(CCO)O,,,,0.712,0.288,,,,,,,,,170,48,Zn,pbc,,,[O-]C(=O)c1ccc(cc1)P(=O)([O])[O],
DACXOV,,O,,,,,1.0,,,,,Cl,,,,,170,72,Tb,Cl,,,[O-]C(=O)c1ccc2c(c1)ccc(c2)C(=O)[O-],
FOXNIQ,60.0,O,,,,,1.0,,,,,CCN(CC)CC,,,,,170,72,"Gd,Co",NO3,Cl,,[O-]C(=O)c1ccc(cn1)C(=O)[O-],
GURTIX,78.0,O,,,,,1.0,,,,,,,,,,170,72,In,NO3,,,[O-]C(=O)c1cc(ccc1C(=O)[O-])C(=O)[O-],[O-]C(=O)c1ccc(cc1)C(=O)[O-]
GUSCIH,45.0,O,,,,,1.0,,,,,[OH-].[Na+],,,,,170,72,"Gd,Ni",NO3,NO3,,[O-]C(=O)C(=O)[O-],[O-]C(=O)c1ncccc1C(=O)[O-]
MAQJEW,15.0,O,,,,,1.0,,,,,,,,,,170,72,Ni,CH3COO,,,NN,[O-]C(=O)C(=O)[O-]
QOZWAF,,O,,,,,1.0,,,,,,,,,,170,72,"W,Ni",P|O,CH3COO,,[O]P(=O)([O])[O],
UZAFAD,81.0,O,,,,,1.0,,,,,,,,,,170,72,Ni,CO3,,,[O-]C(=O)C=CC(=O)[O-],c1ncn(c1)CC(Cn1cncc1)(Cn1cncc1)Cn1cncc1
UZAFIL,65.0,O,,,,,1.0,,,,,,,,,,170,72,Ni,CO3,,,[O-]C(=O)CCCCC(=O)[O-],c1ncn(c1)CC(Cn1cncc1)(Cn1cncc1)Cn1cncc1
WIVFIS,54.0,O,,,,,1.0,,,,,,,,,,170,72,Ag,NO3,,,,
KOQLUZ,28.0,O,,,,,1.0,,,,,Cl,C[N+](C)(C)C.[OH-],,,,170,96,"W,Cu,Si",unknown,NO3,,[O][Si]([O])([O])[O],c1ncn(c1)c1ccc(cc1)n1cncc1
QAWPIO,76.0,O,,,,,1.0,,,,,CC(=O)O,Cl,,,,170,96,"Ni,V",CH3COO,O,,n1ccc(cc1)c1ccncc1,
TAYNEN,45.0,O,,,,,1.0,,,,,[OH-].[Na+],,,,,170,96,Cd,NO3,,,C(Cc1ccncc1)Cc1ccncc1,Oc1cc(cc(c1)C(=O)[O-])C(=O)[O-]
DUXKEN,,O,,,,,1.0,,,,,B(=O)OO,,,,,170,120,"Ni,V",NO3,O,,n1ccc(cc1)c1ccncc1,
INIRII,41.0,O,,,,,1.0,,,,,,,,,,170,168,"Tb,Ge",NO3,unknown,,,
INIROO,43.0,O,,,,,1.0,,,,,,,,,,170,168,"Dy,Ge",O,unknown,,,
MUZGAQ,30.0,O,,,,,1.0,,,,,Cl,,,,,170,168,"Dy,Zn",O,OAC,,[O-]C(=O)c1ccncc1,
PIGXAF,42.0,CN(C)C=O,CO,,,,0.412,0.588,,,,,,,,,170,168,Cd,CO3,,,[O-]C(=O)C(=O)[O-],
UFASAW,63.0,O,,,,,1.0,,,,,[OH-].[K+],,,,,170,168,Cd,NO3,,,[O-]C(=O)C1=C([N]C=N1)C(=O)[O-],n1ccc(cc1)c1ccncc1
UFASEA,21.0,O,,,,,1.0,,,,,[OH-].[K+],,,,,170,168,Cd,NO3,,,,
VAHQAY,43.0,O,,,,,1.0,,,,,,,,,,170,168,"Cu,Er",Cl,O,,[O-]C(=O)c1ccc(cc1)c1ccncc1,
QIYBUX,59.0,CO,O,,,,0.308,0.692,,,,,,,,,25,96,"Ag,Si",PF6,,,CC[Si](c1ccncc1)(c1ccncc1)C,
QIYCOS,53.0,CO,O,,,,0.308,0.692,,,,,,,,,25,72,"Ag,Si",PF6,,,C1CC[Si](C1)(c1ccncc1)c1ccncc1,CC[Si](c1ccncc1)(c1ccncc1)C
QIYCEI,54.0,CO,O,,,,0.308,0.692,,,,,,,,,25,72,"Ag,Si",PF6,,,,
QIYCIM,54.0,CO,O,,,,0.308,0.692,,,,,,,,,25,72,"Ag,Si",PF6,,,C1CC[Si](C1)(c1ccncc1)c1ccncc1,CC[Si](c1ccncc1)(c1ccncc1)CC
QIYCAE,62.0,CO,O,,,,0.308,0.692,,,,,,,,,25,48,"Ag,Si",PF6,,,C1CC[Si](C1)(c1ccncc1)c1ccncc1,
DOKHIV,30.0,CCO,O,,,,0.237,0.763,,,,,,,,,180,12,Cu,SO4,,,[O-]C(=O)c1cc(cc(c1)C(=O)[O-])C(=O)[O-],n1ccc(cc1)c1ccncc1
DOKHOB,35.0,CCO,O,,,,0.237,0.763,,,,,,,,,180,12,Cu,SO4,,,[O-]C(=O)c1c(C)c(C(=O)[O-])c(c(c1C)C(=O)[O-])C,n1ccc(cc1)c1ccncc1
AZAVOO,,O,CCN(CC)C=O,CCO,,,0.404,0.073,0.523,,,,,,,,120,24,Mg,NO3,,,[O-]C(=O)c1ccc(cc1)c1c(c2ccc(cc2)C(=O)[O-])c(c2ccc(cc2)C(=O)[O-])c(c(c1c1ccc(cc1)C(=O)O)c1ccc(cc1)C(=O)[O-])c1ccc(cc1)C(=O)O,
AZAVUU,,CN(C)C=O,O,,,,0.028,0.972,,,,,,,,,100,18,Cu,NO3,,,[O-]C(=O)c1ccc(cc1)c1c(c2ccc(cc2)C(=O)[O-])c(c2ccc(cc2)C(=O)[O-])c(c(c1c1ccc(cc1)C(=O)[O-])c1ccc(cc1)C(=O)[O-])c1ccc(cc1)C(=O)[O-],
AZAWAB,,CCN(CC)C=O,O,,,,0.026,0.974,,,,,,,,,85,16,Cu,NO3,,,[O-]C(=O)c1ccc(cc1)c1c(c2ccc(cc2)C(=O)[O-])c(c2ccc(cc2)C(=O)[O-])c(c(c1c1ccc(cc1)C(=O)[O-])c1ccc(cc1)C(=O)[O-])c1ccc(cc1)C(=O)[O-],
GOXMEN,40.0,O,,,,,1.0,,,,,[OH-].[Na+],,,,,180,24,Co,NO3,,,[O-]C(=O)c1cc(cc(c1)N1[CH][N]c2c1cccc2)n1ccnc1,[O-]C(=O)c1cc(cc(c1)n1cnc2c1cccc2)n1ccnc1
REYMOZ,87.6,O,,,,,1.0,,,,,,,,,,180,24,Cu,NO3,,,[O-]C(=O)c1cc(cc(c1)C(=O)[O-])C(=O)[O-],
RIFGAQ,,O,,,,,1.0,,,,,,,,,,180,24,Cu,NO3,,,[O-]C(=O)c1cc(cc(c1)C(=O)[O-])C(=O)[O-],
PUWCOZ,27.0,O,,,,,1.0,,,,,,,,,,180,40,Ni,NO3,,,[O-]C(=O)C12CC3(CC(C2)(CC(C1)(C3)C(=O)[O-])C(=O)[O-])C(=O)[O-],
HEBNIN,,O,,,,,1.0,,,,,[N+](=O)(O)[O-],,,,,180,48,"Zn,U",OAc|UO2,O,,,
WUCRUH,,O,,,,,1.0,,,,,[OH-].[K+],,,,,180,48,Fe,,,,[O-]C(=O)c1cc(cc(c1)C(=O)[O-])C(=O)[O-],
PUWCEP,91.0,O,,,,,1.0,,,,,,,,,,180,60,Cd,NO3,,,,
ASUKEE,,O,,,,,1.0,,,,,[K+].[I-],,,,,180,72,Cu,ClO4,,,n1ccc(cc1)c1ccncc1,
DOKHUH,45.0,O,CCO,,,,0.763,0.237,,,,,,,,,180,72,Cd,NO3,,,[O-]C(=O)c1c(C)c(C(=O)[O-])c(c(c1C)C(=O)[O-])C,n1ccc(cc1)c1ccncc1
KEBDIG,50.0,CCO,O,,,,0.383,0.617,,,,Cl,,,,,180,72,Co,NO3,,,[O-]C(=O)c1cc(cc(c1)n1cnc2c1cccc2)n1cnc2c1cccc2,
LEDCAA,79.0,O,,,,,1.0,,,,,,,,,,180,72,Cd,Cl,,,,
LISZOE,12.0,CCO,O,,,,0.237,0.763,,,,,,,,,180,72,"Li,Y",OH,Cl,,[O-]C(=O)c1ccc(cc1)C(=O)[O-],
NAGBUU,53.0,O,,,,,1.0,,,,,CCN(CC)CC,,,,,180,72,Co,Cl,,,[O-]C(=O)c1cc(cc(c1)N(=O)=O)C(=O)[O-],n1ccc(cc1)C1=NN=N[N]1
NEKMUN,60.0,O,,,,,1.0,,,,,,,,,,180,72,Co,Cl,,,[O-]C(=O)c1cc(Oc2ccccc2C(=O)O)cc(c1)C(=O)[O-],[O-]C(=O)c1cc(cc(c1)C(=O)[O-])Oc1ccccc1C(=O)[O-]
POKGEC,,O,,,,,1.0,,,,,[OH-].[Na+],,,,,180,72,Ni,SO4,,,[O-]C(=O)c1cc(cc(c1)C(=O)[O-])C(=O)[O-],c1ncn(c1)c1ccc(cc1)n1cncc1
REYPIW,45.0,O,,,,,1.0,,,,,,,,,,180,72,Zn,OAc,,,,
UJEFOE,29.3,O,,,,,1.0,,,,,Cl,,,,,180,72,Yb,Cl,,,[O-]C(=O)c1ccc2c(c1)ccc(c2)C(=O)[O-],
VOVKUO,,O,,,,,1.0,,,,,,,,,,180,72,U,NO3|O,,,[O-]C(=O)c1cc(C(=O)[O-])c(cc1C(=O)[O-])C(=O)[O-],
VOVLAV,,O,,,,,1.0,,,,,,,,,,180,72,U,NO3|O,,,[O-]C(=O)c1cc(C(=O)[O-])c(cc1C(=O)[O-])C(=O)[O-],
WEGKIE,,O,,,,,1.0,,,,,C[N+](C)(C)C.[OH-],,,,,180,72,Cu,Cl,,,[O-]C(=O)c1cc(cc(c1)C(=O)[O-])C(=O)[O-],
YOJMAN,35.0,O,,,,,1.0,,,,,[OH-].[Na+],,,,,180,72,"W,Na,K,Co",unknown,,unknown,,
AQIQAU,,O,,,,,1.0,,,,,,,,,,180,96,Cd,CO3,,,[O-]C(=O)c1ccc(cc1)c1cc(cc(n1)c1ccc(cc1)C(=O)[O-])c1ccncc1,
HAZGOF,,O,,,,,1.0,,,,,C1=CC2=C(C3=C(C=CC=N3)C=C2)N=C1,,,,,180,96,Sc,CH3CO2,,,[O-]C(=O)c1ccc(cc1)C(=O)[O-],
DEGPEL,25.0,O,,,,,1.0,,,,,,,,,,180,120,Cu,Cl,,,[N]1C=NN=C1,
GAWKAS,26.0,O,,,,,1.0,,,,,OCl(=O)(=O)=O,,,,,180,120,"Cu,Sm",Br,O,,[O-]C(=O)c1ccncc1,
OXAMIK,75.6,O,,,,,1.0,,,,,[OH-].[Na+],,,,,180,120,Co,SO4,,,[O]P(=O)(C(P(=O)([O])[O])(Cn1cncc1)O)O,
XIFLOP,62.0,O,,,,,1.0,,,,,,,,,,180,120,Cd,NO3,,,[C][C](C1=NC(=C([N]1)C(=O)[O-])C(=O)[O-])[C],[C][C](C1=N[C](C(=N1)C(=O)[O-])C(=O)[O-])[C]
XIFLUV,53.6,CCO,O,,,,0.237,0.763,,,,[OH-].[Na+],,,,,180,120,Cd,NO3,,,,
NOQKUB,64.0,O,C(CO)O,,,,0.977,0.023,,,,,,,,,180,144,Co,Cl,,,[O-]C(=O)C1=C([N]C=N1)C(=O)[O-],n1ccc(cc1)c1ccc(cc1)c1ccc(cc1)c1ccncc1
VUQLEZ,,CN(C)C=O,,,,,1.0,,,,,,,,,,180,144,Eu,O,,,[O]S(=O)(=O)[O],
ISUGIN,31.0,O,,,,,1.0,,,,,,,,,,180,168,Gd,O,,,[O-]C(=O)[C]1C=CC=NC1=O,
MALWUU,41.0,O,,,,,1.0,,,,,,,,,,180,168,Cd,CO3,,,[O-]C(=O)c1cc(C(=O)[O-])c(cc1C(=O)[O-])C(=O)[O-],
SAYKIO,56.0,O,,,,,1.0,,,,,,,,,,180,168,U,NO3|O,,,[O-]C(=O)c1ccc(cc1)OCC(COc1ccc(cc1)C(=O)[O-])(COc1ccc(cc1)C(=O)[O-])COCC(COc1ccc(cc1)C(=O)[O-])(COc1ccc(cc1)C(=O)[O-])COc1ccc(cc1)C(=O)[O-],
WURNOO,40.0,O,,,,,1.0,,,,,CC(C)(C)C(=O)O,,,,,180,312,Cu,Br,,,[O-]C(=O)c1ccc(cc1)c1ccncc1,
UCOCUM,25.0,O,,,,,1.0,,,,,C[N+](C)(C)C.[OH-],,,,,200,16,Cu,NO3|unknown,,,[O-]C(=O)c1cc(cc(c1)C(=O)[O-])C(=O)[O-],
PENXUC,55.0,O,,,,,1.0,,,,,F,,,,,200,48,V,NH4|O,,,[O]P(=O)(CCCP(=O)([O])[O])[O],
HAWREE,33.0,CN(C)C=O,CCO,,,,0.43,0.57,,,,,,,,,200,72,Mn,CH3COO,,,,
AXOHIE,39.0,O,,,,,1.0,,,,,CC[O-].[Na+],,,,,200,96,Cd,CH3COO,,,[O-]C(=O)c1ccc(cc1)c1ccc(cc1)C(=O)[O-],n1ccc(cc1)c1ccncc1
XUGWAZ,33.0,O,,,,,1.0,,,,,,,,,,200,240,Dy,Cl,,,[O]S(c1ccc(cc1)C1=C2C=CC(=C(c3ccc(cc3)S([O])([O])[O])C3=NC(=C(C4=CC=C(C(=C5N=C1C=C5)c1ccc(cc1)S([O])([O])[O])[N]4)c1ccc(cc1)S([O])([O])[O])C=C3)[N]2)([O])[O],
UTULUR,,O,,,,,1.0,,,,,,,,,,210,24,In,,,,[O-]C(=O)c1cc(C(=O)[O-])c(cc1C(=O)[O-])C(=O)[O-],
SAMXUC,,O,,,,,1.0,,,,,,,,,,210,120,Sm,O,,,,
TEQVOC,60.0,O,,,,,1.0,,,,,[NH4+].[OH-],,,,,210,120,"Ba,Zn",OH,acac,,,
MAYJOM,,O,,,,,1.0,,,,,F,,,,,220,72,In,,,,[O-]C(=O)c1ccc(cc1)C(=O)[O-],
PUWXAH,52.8,O,,,,,1.0,,,,,[OH-].[Na+],,,,,220,72,Mn,Cl,,,[O-]C(=O)c1cc(cc(c1)C(=O)O)C(=O)[O-],[O-]C(=O)c1cc(cc(c1)C(=O)[O-])C(=O)[O-]
CABQEB,85.0,O,C1CCOC1,,,,0.153,0.847,,,,,,,,,255,120,Co,acac,,,[O-]C(=O)C,
DACSAE,44.0,CN(C)C=O,CO,O,,,0.537,0.34,0.122,,,Cl,,,,,80,12,Cu,NO3,,,,
DEJCEB,,CN(C)C=O,CCO,C1=CC=NC=C1,,,,,,,,,,,,,85,12,Zn,NO3,,,[O-]C(=O)c1cnccc1C(=O)[O-],
FUTTIZ,,CN(C)C=O,O,,,,0.993,0.007,,,,,,,,,85,16,Zn,NO3,,,C1CN2CCN1CC2,[O][C]=C(C(=O)[O-])C=C[C]C(=O)[O-]
EHUSUX,80.0,CN(C)C=O,O,,,,0.737,0.263,,,,Cl,,,,,90,16,Cu,NO3,,,,
APUPEH,35.0,CCN(CC)C=O,CO,CN(C)C1=CC=CC=C1,,,0.232,0.633,0.135,,,,,,,,65,24,Cu,NO3,,,[O-]C(=O)c1cc([O])c(c(c1)[O])c1c([O])cc(cc1[O])C(=O)[O-],
FUWQIZ,68.0,CN(C)C=O,O,,,,0.412,0.588,,,,Cl,,,,,80,24,Cu,NO3,,,,
HUNCIE,,CC(=O)N(C)C,O,,,,0.565,0.435,,,,[N+](=O)(O)[O-],,,,,80,24,Cu,NO3,,,,
AJINOY,46.0,O,,,,,1.0,,,,,[OH-].[Na+],,,,,85,24,Cu,NO3,,,O=C(c1ccncc1)N1CCN(CC1)C(=O)c1ccncc1,[O-]C(=O)C=Cc1ccccc1C(=O)[O-]
EBAMUS,,CN(C)C=O,O,,,,0.19,0.81,,,,,,,,,85,24,Cu,NO3,,,[O-]C(=O)C1=[C]C(=[C]C(=[C]1)C(=O)[O-])C(=O)[O-],
FATQID,,CN(C)C=O,,,,,1.0,,,,,[N+](=O)(O)[O-],,,,,85,24,Cu,SO4,,,[O-]C(=O)c1ccc(cc1)c1cncc(c1)c1ccc(cc1)C(=O)[O-],
NAWXER,,CN(C)C=O,CCO,,,,0.601,0.399,,,,[N+](=O)(O)[O-],,,,,85,24,Zn,NO3,,,[O-]C(=O)c1ccc(cc1)c1nc(c2ccc(cc2)C(=O)[O-])c(nc1c1ccc(cc1)C(=O)[O-])c1ccc(cc1)C(=O)[O-],
GAHWIX,83.0,CN(C)C=O,,,,,1.0,,,,,,,,,,95,24,Zn,NO3,,,O=C(c1cc(cc(c1)C(=O)Nc1ccc(cc1)C(=O)[O-])C(=O)Nc1ccc(cc1)C(=O)[O-])Nc1ccc(cc1)C(=O)[O-],
LUPYAX,,CN(C)C=O,,,,,1.0,,,,,,,,,,100,24,Zn,NO3,,,[O-]C(=O)c1cc(Cl)c(cc1Cl)C(=O)[O-],
OVUVIL,,CN(C)C=O,,,,,1.0,,,,,,,,,,110,24,Zn,NO3,,,,
CAGSAG,80.0,CN(C)C=O,,,,,1.0,,,,,,,,,,120,24,Zn,NO3,,,[O-]C(=O)c1ccc2c(c1)ccc(c2)C(=O)[O-],
GUCHUJ,66.0,O,,,,,1.0,,,,,[OH-].[Na+],,,,,150,24,Cu,NO3,,,[O-]C(=O)c1cc(C(=O)[O-])c(cc1C(=O)[O-])C(=O)[O-],
KIDVIE,64.0,O,,,,,1.0,,,,,,,,,,160,24,La,NO3,,,[O-]C(=O)C(=O)[O-],
QAKFIU,54.0,CN(C)C=O,O,,,,0.19,0.81,,,,[N+](=O)(O)[O-],,,,,80,36,Zn,NO3,,,[O-]C(=O)c1cc(cc(c1)C(=O)[O-])N1[CH]C=C(C=C1)c1ccncc1,
HAWZIQ,,O,,,,,1.0,,,,,[OH-].[K+],,,,,100,36,"Mo,La",,Cl,,,
FIJCUX,72.0,CCN(CC)C=O,,,,,1.0,,,,,,,,,,100,40,Zn,NO3,,,[O-]C(=O)c1ccc(cc1)C(=O)[O-],
KIJRUS,,CN(C)C=O,O,,,,0.539,0.461,,,,Cl,,,,,60,48,Cu,Cl,,,[O-]C(=O)c1ccc(cc1)c1cc(cc(c1)c1ccc(cc1)C(=O)[O-])c1cc(cc(c1)c1ccc(cc1)C(=O)[O-])c1ccc(cc1)C(=O)[O-],
MOYYEF,80.0,CN(C)C=O,CCO,O,,,0.152,0.201,0.648,,,,,,,,60,48,Cu,NO3,,,[O-]C(=O)c1ccc(cc1)c1cccc(c1)C(=O)[O-],
BIDPOV,,CN(C)C=O,,,,,1.0,,,,,[N+](=O)(O)[O-],,,,,65,48,Cu,NO3,,,[C]=[C][C]C#Cc1cc(cc(c1)C(=O)[O-])C(=O)[O-],
FAGREM,,CCN(CC)C=O,O,CCO,,,0.157,0.644,0.2,,,,,,,,65,48,Zn,NO3,,,[O-]C(=O)c1cc(ccc1C(=O)[O-])C(=O)[O-],
ONIXOZ,69.0,CN(C)C=O,,,,,1.0,,,,,[H+].[B-](F)(F)(F)F,,,,,65,48,Cu,NO3,,,[O-]C(=O)c1cc(cc(c1)C(=O)[O-])c1cc(cc(c1)c1cc(cc(c1)C(=O)[O-])C(=O)[O-])c1cc(cc(c1)C(=O)[O-])C(=O)[O-],
WARXUL,72.0,CN(C)C=O,O,,,,0.539,0.461,,,,[N+](=O)(O)[O-],,,,,65,48,Cu,Cl,,,,
LUSYEF,75.0,CN(C)C=O,O,,,,0.483,0.517,,,,[N+](=O)(O)[O-],,,,,70,48,Cu,NO3,,,[O-]C(=O)c1cc(cc(c1)c1cccc2c1cccc2c1cc(cc(c1)C(=O)[O-])C(=O)[O-])C(=O)[O-],
PELRIJ,,CN(C)C=O,,,,,1.0,,,,,[N+](=O)(O)[O-],,,,,70,48,Cu,NO3,,,O=C(c1cc(cc(c1)C(=O)Nc1ccc(cc1)C(=O)[O-])C(=O)Nc1ccc(cc1)C(=O)[O-])Nc1ccc(cc1)C(=O)[O-],
VIXPUP,70.0,CN(C)C=O,CCO,O,,,0.182,0.194,0.624,,,[N+](=O)(O)[O-],,,,,75,48,Cu,NO3,,,O=C(C(=O)Nc1cc(cc(c1)C(=O)[O-])C(=O)[O-])Nc1cc(cc(c1)C(=O)[O-])C(=O)[O-],
FIHHOV,10.0,CN(C)C=O,CCO,,,,0.601,0.399,,,,[N+](=O)(O)[O-],,,,,80,48,Zn,NO3,,,,
MUKQUG,,CN(C)C=O,O,CC#N,,,0.343,0.488,0.169,,,Cl,,,,,80,48,Cu,NO3|H2O,,,,
NUBPIL,67.0,CN(C)C=O,O,,,,0.796,0.204,,,,Cl,,,,,80,48,Cu,Cl,,,[O-]C(=O)c1cc(cc(c1)n1cncc1)C(=O)[O-],
PEZCII,63.0,CN(C)C=O,CO,O,,,0.277,0.526,0.197,,,,,,,,80,48,La,NO3,,,[O-]C(=O)c1ccc(cc1)c1cc(cc(c1)c1ccc(cc1)C(=O)[O-])c1ccc(cc1)C(=O)[O-],
UXOHOG,,CC(=O)N(C)C,CO,O,,,0.294,0.403,0.302,,,,,,,,80,48,Cu,Cl,,,,
JAJZAY,63.0,CN(C)C=O,CC#N,,,,0.858,0.142,,,,,,,,,85,48,Zn,NO3,,,,
NORPIV,,CN(C)C=O,O,,,,0.483,0.517,,,,[N+](=O)(O)[O-],,,,,90,48,Zn,NO3,,,,
VAGTAB,36.0,O,CN(C)C=O,,,,0.588,0.412,,,,,,,,,90,48,Zn,NO3,,,,
IGINIX,95.0,CN(C)C=O,,,,,1.0,,,,,,,,,,100,48,Zn,NO3,,,[O-]C(=O)c1ccc(cn1)C(=O)[O-],
IZEWAN,70.0,C1COCCO1,O,,,,0.459,0.541,,,,,,,,,100,48,Zn,OAc,,,,
MUVLUM,,CN(C)C=O,,,,,1.0,,,,,[H+].[B-](F)(F)(F)F,,,,,100,48,Zn,NO3,,,[O-]C(=O)c1cc2c(c(c1)S([O])([O])[O])cc(cc2S([O])([O])[O])C(=O)[O-],n1ccc(cc1)c1ccncc1
MAQRAA,37.0,CC(=O)N(C)C,,,,,1.0,,,,,,,,,,110,48,Cu,Cl,,,[O-]C(=O)c1ccc(s1)C(=O)[O-],
MUZHUL,78.0,CN(C)C=O,,,,,1.0,,,,,,,,,,110,48,Zn,Cl,,,[O-]C(=O)c1cc(C(=O)[O-])c(cc1C(=O)[O-])C(=O)[O-],
CIQQIE,62.0,CN(C)C=O,,,,,1.0,,,,,C1=CC=C(C=C1)C(=O)O,,,,,120,48,La,NO3,,,,
LUMZEA,,O,,,,,1.0,,,,,,,,,,120,50,Cu,OAc,,,[N]1C=NN=C1,[O-]C(=O)CC(C(=O)[O-])[O]
HOXSIY,,CC(=O)N(C)C,O,,,,0.226,0.774,,,,,,,,,100,60,Zn,NO3,,,[O-]C(=O)c1ccc(cc1)c1cc(cc(c1)C(=O)[O-])C(=O)[O-],
DITTEH,,CN(C)C=O,,,,,1.0,,,,,,,,,,110,60,Zn,NO3,,,[O-]C(=O)c1ccc(cc1)c1cc(cc(c1)C(=O)[O-])C(=O)[O-],
GEGDED,,O,CN(C)C=O,,,,0.201,0.799,,,,[H+].[B-](F)(F)(F)F,,,,,60,72,Cu,Br,,,[O-]C(=O)c1cc(OCC(COc2cc(cc(c2)C(=O)[O-])C(=O)[O-])(COc2cc(cc(c2)C(=O)[O-])C(=O)[O-])COc2cc(cc(c2)C(=O)[O-])C(=O)[O-])cc(c1)C(=O)[O-],
LOFJAT,,CN(C)C=O,O,,,,0.678,0.322,,,,[N+](=O)(O)[O-],,,,,60,72,Cu,NO3,,,,
MOKVOZ,,CN(C)C=O,O,,,,0.483,0.517,,,,Cl,,,,,60,72,Cu,NO3,,,,
ODUNEH,65.0,CN(C)C=O,CCO,,,,0.694,0.306,,,,CC(C)NC(C)C,,,,,60,72,Zn,NO3,,,[O-]C(=O)c1ccc(cc1)c1ccc(cc1)C(=O)[O-],
DICKEH,73.0,CN(C)C=O,O,,,,0.824,0.176,,,,[H+].[B-](F)(F)(F)F,,,,,65,72,Cu,Cl,,,[O-]C(=O)c1cc(C#Cc2ccc(cc2)C#Cc2cc(cc(c2)C(=O)[O-])C(=O)[O-])cc(c1)C(=O)[O-],
SITFUY,73.0,CN(C)C=O,CCO,,,,0.43,0.57,,,,,,,,,65,72,Cu,Cl,,,,
OGOJAX,,CN(C)C=O,,,,,1.0,,,,,[N+](=O)(O)[O-],,,,,70,72,Cu,NO3,,,,
HULCOI,20.0,CN(C)C=O,,,,,1.0,,,,,[N+](=O)(O)[O-],,,,,75,72,Cu,NO3,,,O=C(Nc1cc(cc(c1)C(=O)[O-])C(=O)[O-])Nc1cc(NC(=O)Nc2cc(cc(c2)C(=O)[O-])C(=O)[O-])cc(c1)NC(=O)Nc1cc(cc(c1)C(=O)[O-])C(=O)[O-],
IZEBAR,,CN(C)C=O,CCO,,,,0.751,0.249,,,,,,,,,80,72,Tb,NO3,,,[O-]C(=O)c1ccc(cc1)C#Cc1cc(cc(c1)C(=O)[O-])C(=O)[O-],
LADHEF,62.0,CN(C)C=O,O,,,,0.091,0.909,,,,C(=O)([O-])[O-].[Na+].[Na+],,,,,80,72,Zn,NO3,,,,
ODEZAB,,CN(C)C=O,O,,,,0.583,0.417,,,,Cl,,,,,80,72,Cu,NO3,,,COc1ccc2c(c1c1cc(cc(c1)C(=O)[O-])C(=O)[O-])ccc(c2c1cc(cc(c1)C(=O)[O-])C(=O)[O-])OC,
PORVID,,O,,,,,1.0,,,,,[N+](=O)(O)[O-],C(=O)(N)N,,,,80,72,Cu,NO3,,,[O-]C(=O)c1cc(C(=O)[O-])c(cc1C(=O)[O-])C(=O)[O-],
AVEQID,,CC(=O)N(C)C,O,,,,0.405,0.595,,,,[N+](=O)(O)[O-],,,,,85,72,Zn,NO3,,,Nc1c(cc(cc1c1cc(cc(c1)C(=O)[O-])C(=O)[O-])c1cc(c2cc(cc(c2)C(=O)[O-])C(=O)[O-])c(c(c1)c1cc(cc(c1)C(=O)[O-])C(=O)[O-])N)c1cc(cc(c1)C(=O)[O-])C(=O)[O-],
MAYKOO,90.0,CN(C)C=O,C1COCCO1,O,,,0.436,0.099,0.465,,,Cl,,,,,85,72,Cu,NO3,,,C1CN2CCN1CC2,[O-]C(=O)c1cc(cc(c1)c1ccc(cc1)C(=O)[O-])c1ccc(cc1)C(=O)[O-]
FABGOG,11.0,CO,O,,,,0.262,0.738,,,,,,,,,90,72,Cu,SO4,,,[O-]C(=O)C=Cc1cnc[nH]1,
HAFSOZ,,CC(=O)N(C)C,O,,,,0.163,0.837,,,,,,,,,95,72,Zn,NO3,,,[O-]C(=O)c1cc(C(=O)[O-])c(c(c1)C(=O)[O-])[O],n1ccc(cc1)c1ccncc1
HUCSEF,,CC(=O)N(C)C,O,,,,0.369,0.631,,,,[N+](=O)(O)[O-],,,,,100,72,Cu,NO3,,,,
KIDDOS,,CN(C)C=O,,,,,1.0,,,,,,,,,,100,72,Zn,NO3,,,C1N2CN3CN1CN(C2)C3,[O-]C(=O)c1ccc(s1)C(=O)[O-]
WIKGII,,CN(C)C=O,,,,,1.0,,,,,,,,,,100,72,Zn,NO3,,,,
PAQMAY,,CN(C)C=O,,,,,1.0,,,,,[N+](=O)(O)[O-],,,,,105,72,Tb,NO3,,,,
HOFSUS,45.0,CC(=O)N(C)C,O,,,,0.28,0.72,,,,,,,,,110,72,Zn,NO3,,,OC(=O)C1=NC(=N[C]1C(=O)[O-])c1ccncc1,[O-]C(=O)C1=C(N=C([N]1)c1ccncc1)C(=O)O
INEPEY,,CN(C)C=O,,,,,1.0,,,,,,,,,,110,72,Zn,NO3,,,,
LUZJAT,,CN(C)C=O,,,,,1.0,,,,,[N+](=O)(O)[O-],,,,,110,72,Zn,NO3,,,[O-]C(=O)c1cc(cc(c1)C(=O)[O-])C(=O)[O-],
BADXAI,89.0,O,CC#N,,,,0.852,0.148,,,,,,,,,120,72,Tb,NO3,,,,
GAWJEV,64.0,O,CCO,,,,0.866,0.134,,,,,,,,,120,72,Zn,NO3,,,,
KUZZAI,60.0,CC(=O)N(C)C,CNC=O,,,,0.389,0.611,,,,[H+].[B-](F)(F)(F)F,,,,,120,72,Zn,NO3,,,NC1=NN=N[N]1,[O-]C(=O)c1ccc(cc1)c1cc(cc(n1)c1ccc(cc1)C(=O)[O-])c1ccncc1
NIYZIG,68.0,CCN(CC)C=O,CCO,O,,,0.091,0.348,0.561,,,,,,,,120,72,Zn,NO3,,,[O-]C(=O)c1ccc(cc1)P(=O)(c1ccc(cc1)C(=O)[O-])c1ccc(cc1)C(=O)[O-],
NUMPAO,57.0,O,,,,,1.0,,,,,[OH-].[Na+],,,,,130,72,Zn,NO3,,,,
QUQHEQ,,O,CO,,,,0.815,0.185,,,,,,,,,130,72,Zn,CO3,,,,
HAMLIT,52.9,CN(C)C=O,O,,,,0.652,0.348,,,,[N+](=O)(O)[O-],,,,,135,72,Zn,NO3,,,,
INASAT,56.3,CN(C)C=O,O,,,,0.652,0.348,,,,[N+](=O)(O)[O-],,,,,135,72,Zn,NO3,,,,
DEMLAJ,,CC#N,,,,,1.0,,,,,,,,,,140,72,Cu,NO3,,,,
FIMXUW,30.0,O,,,,,1.0,,,,,,,,,,140,72,La,NO3,,,[O-]C(=O)c1c(ccc(c1C(=O)[O-])C(=O)[O-])C(=O)[O-],
FUYYAA,45.0,CCO,O,,,,0.058,0.942,,,,,,,,,140,72,"Cu,Nd",ClO4,O,,[O-]C(=O)C(=O)[O-],[O-]C(=O)c1cccnc1c1ccccn1
GAWLIB,,O,,,,,1.0,,,,,[OH-].[Na+],,,,,150,72,Tb,NO3,,,[O-]C(=O)c1cc(ccc1C(=O)[O-])C(C(F)(F)F)(C(F)(F)F)c1ccc(c(c1)C(=O)[O-])C(=O)[O-],
KIVSUF,33.0,O,,,,,1.0,,,,,CCN(CC)CC,,,,,150,72,Cu,SO4,,,,
NIRDOI,76.2,O,,,,,1.0,,,,,,,,,,150,72,Zn,NO3,,,,
NUCREJ,,O,,,,,1.0,,,,,[OH-].[Na+],,,,,160,72,Zn,CH3COO,,,,
PEKZIP,,O,,,,,1.0,,,,,,,,,,180,72,Cu,ClO4|Cl,,,n1ccc(cc1)c1ccncc1,
BUPDOH,63.0,CN(C)C=O,CCO,O,,,0.599,0.265,0.137,,,Cl,,,,,80,96,Cu,NO3,,,,
ERULEK,40.0,CN(C)C=O,,,,,1.0,,,,,,,,,,80,96,Zn,NO3,,,Cn1nc(nc1c1ccc(cc1)n1cncc1)c1cccc(c1)[N]12[CH]N3C4C1C2C34,[O-]C(=O)c1ccc(cc1)c1ccc(cc1)C(=O)[O-]
GUHMIH,,O,,,,,1.0,,,,,Cl,,,,,120,96,Cu,SO4,,,O=C(c1cccnc1)NCCNC(=O)c1cccnc1,
GIDKOU,31.0,CN(C)C=O,,,,,1.0,,,,,,,,,,140,96,Zn,NO3,,,[O-]C(=O)C1=NC=N[C]1C(=O)O,[O-]C(=O)C1=NC=N[C]1C(=O)[O-]
ERIWAF,40.0,CN(C)C=O,CO,O,,,0.223,0.141,0.636,,,Cl,,,,,80,108,Cu,Cl,,,,
QUTDAM,,CN(C)C=O,CCO,O,,,0.263,0.174,0.562,,,Cl,,,,,85,120,Cu,NO3,,,,
EXECAN,75.6,CC(=O)N(C)C,O,,,,0.493,0.507,,,,[N+](=O)(O)[O-],,,,,100,120,Zn,Ac,,,,
HUVHIR,26.0,O,,,,,1.0,,,,,,,,,,110,120,Zn,CH3COO,,,OC(=O)CN(C1=NC(=[N]=C([N]1)N(CP(=O)([O])[O])CC(=O)[O-])N(CP(=O)([O])[O])CC(=O)[O-])CP(=O)([O])[O],
FOJLOH,,CN(C)C=O,O,,,,0.498,0.502,,,,,,,,,115,120,Zn,NO3,,,[O-]C(=O)c1ccc(cc1)OCc1c(C)c(COc2ccc(cc2)C(=O)[O-])c(c(c1C)COc1ccc(cc1)C(=O)O)C,
HAMJOW,36.0,CN(C)C=O,,,,,1.0,,,,,,,,,,120,120,Zn,NO3,,,O=C(c1ccncc1)Nc1cc(cc(c1)C(=O)[O-])C(=O)[O-],
MAZSOX,70.0,CO,CC(=O)N(C)C,,,,0.432,0.568,,,,C1=CN=CC=N1,,,,,120,120,Zn,NO3,,,,
DEPXAY,70.0,CN(C)C=O,O,,,,0.19,0.81,,,,,,,,,140,120,Zn,NO3,,,[O-]C(=O)c1cnccc1C(=O)[O-],
LACJAC,65.0,O,,,,,1.0,,,,,,,,,,140,120,Zn,NO3,,,,
CADPII,,O,,,,,1.0,,,,,[OH-].[Na+],,,,,170,120,Zn,Cl,,,[O-]C(=O)c1cc(cc(c1)C(=O)[O-])C(=O)[O-],
ETAXIH,54.0,O,,,,,1.0,,,,,,,,,,180,120,Zn,NO3,,,CCCC1=NC(=C([N]1)C(=O)[O-])C(=O)[O-],
KOYRAT,36.0,CN(C)C=O,,,,,1.0,,,,,CC(=O)O,,,,,100,144,"Ru,Zn",Cl|bpy,NO3,,[O-]C(=O)c1ccc(cc1)c1ccc(cc1)C(=O)[O-],
MIZKOW,39.0,O,,,,,1.0,,,,,CC(=O)O,,,,,170,168,"Cu,La",Cl,C2O4,,[O-]C(=O)C(=O)[O-],[O-]C(=O)c1cccnc1
NOSJIQ,32.22,O,,,,,1.0,,,,,Cl,C(=O)O,,,,170,168,"Dy,Cu",O,OAc,,[O-]C(=O)c1cccnc1,
DACSEI,44.0,CN(C)C=O,CO,O,,,0.537,0.34,0.122,,,Cl,,,,,80,36,Cu,Cl,,,,
EHUTAE,85.0,CN(C)C=O,O,,,,0.621,0.379,,,,Cl,,,,,85,48,Cu,NO3,,,,
EKEMEO,,CN(C)C=O,CCO,O,,,0.579,0.256,0.165,,,Cl,,,,,90,120,Cu,Cl,,,,
GEYFIB,77.0,CN(C)C=O,CCO,O,,,0.379,0.299,0.321,,,[N+](=O)(O)[O-],,,,,65,48,Cu,NO3,,,,
KELJAN,90.0,O,,,,,1.0,,,,,,,,,,200,48,Cu,SO4,,,,
KOJZOZ,76.0,CN(C)C=O,CCO,C1=CC=NC=C1,,,0.673,0.297,0.03,,,,,,,,85,20,Cu,NO3,,,,
KUKQAK,65.0,O,CO,CC#N,,,0.716,0.159,0.124,,,,,,,,120,72,Cu,Cl,,,,
PEJMUO,68.0,O,CC#N,,,,0.742,0.258,,,,[N+](=O)(O)[O-],C(CO)N,,,,105,24,Cu,NO3,,,,
RAHNUL,80.0,CN(C)C=O,CS(=O)C,O,,,0.442,0.482,0.076,,,Cl,,,,,85,18,Cu,NO3,,,,
RAHPAT,87.0,CN(C)C=O,O,,,,0.539,0.461,,,,Cl,,,,,85,18,Cu,NO3,,,,
RUFZOJ,45.0,CN(C)C=O,O,CO,,,0.139,0.596,0.265,,,,,,,,60,72,Cu,NO3,,,,
SUNLAP,42.0,CN(C)C=O,O,,,,0.412,0.588,,,,N,,,,,80,336,Cu,NO3,,,,
WANHEB,,CN(C)C=O,CO,O,,,0.537,0.34,0.122,,,Cl,,,,,90,72,Cu,NO3,,,,
WANHUR,85.0,CN(C)C=O,CO,O,,,0.537,0.34,0.122,,,Cl,,,,,90,72,Cu,NO3,,,,
ZOJWAY,65.0,CN(C)C=O,O,,,,0.584,0.416,,,,[H+].[B-](F)(F)(F)F,,,,,60,4,Cu,NO3,,,,
ADASEF,,CN(C)C=O,,,,,1.0,,,,,,,,,,75,40,Cu,NO3,,,[O-]C(=O)c1cc(cc(c1)c1ccc(cc1)C1=NN=N[N]1)C(=O)[O-],
AVUDAX,44.0,CO,O,,,,0.64,0.36,,,,,,,,,25,672,Cu,Cl,,,N1=C[N]N([CH]1)Cc1cc(CN2[N]C=N[CH]2)cc(c1)CN1[N]C=N[CH]1,
BAHGUN,65.0,O,,,,,1.0,,,,,,,,,,180,72,Cu,NO3,,,[O-]C(=O)c1ccncc1,
BEXVEH,52.0,CC(=O)N(C)C,O,,,,0.163,0.837,,,,[N+](=O)(O)[O-],,,,,80,48,Cu,NO3,,,[O-]C(=O)c1cc(CCc2cc(cc(c2)C(=O)[O-])C(=O)[O-])cc(c1)C(=O)[O-],[O-]C(=O)c1cc(OCc2cc(cc(c2)C(=O)[O-])C(=O)[O-])cc(c1)C(=O)[O-]
BOWNUY,,CN(C)C=O,,,,,1.0,,,,,[N+](=O)(O)[O-],,,,,85,48,Cu,CH3COO,,,N1=NN=C([N]1)c1cc(cc(c1)C1=NN=N[N]1)C1=NN=N[N]1,[N]1N=NC(=N1)c1cc(cc(c1)C1=NN=N[N]1)C1=NN=N[N]1
BUQWER,40.0,CN(C)C=O,,,,,1.0,,,,,Cl,,,,,25,336,Cu,Cl,,,[O-]C(=O)c1cccnc1,
CUGVUX,23.0,O,,,,,1.0,,,,,[OH-].[Na+],,,,,120,96,Cu,Cl,,,,
DANROC,,CN(C)C=O,O,,,,0.19,0.81,,,,CCN(CC)CC,,,,,25,168,Cu,H2O|ClO4,,,[O-]C(=O)CC(CC(=O)[O-])CC(=O)[O-],
DARBUU,75.0,C1CCOC1,,,,,1.0,,,,,,,,,,120,72,Cu,CN,,,[C]#N,
DEJCIF,,CN(C)C=O,CCO,,,,0.43,0.57,,,,,,,,,85,12,Cu,NO3,,,[O-]C(=O)c1cnccc1C(=O)[O-],
DITYEM,,O,,,,,1.0,,,,,,,,,,160,72,Cu,CN,,,[C]#N,n1ccc(cc1)C1=NN=C([N]1)c1ccncc1
EBATUZ,76.0,CN(C)C=O,,,,,1.0,,,,,[H+].[B-](F)(F)(F)F,,,,,85,24,Cu,I,,,[O-]C(=O)c1cc(cc(c1)C1=Cc2c(=C1)cc1c(=CC(=C1)c1cc(cc(c1)C(=O)[O-])C(=O)[O-])c2)C(=O)[O-],
EBAVAH,65.0,CN(C)C=O,,,,,1.0,,,,,[H+].[B-](F)(F)(F)F,,,,,85,24,Cu,I,,,[O-]C(=O)c1cc(C#Cc2ccc(c3c2nsn3)C#Cc2cc(cc(c2)C(=O)[O-])C(=O)[O-])cc(c1)C(=O)[O-],
EJOQUR,52.0,CN(C)C=O,O,,,,0.072,0.928,,,,,,,,,85,16,Cu,Cl,,,[O-]C(=O)c1c(cccc1C(=O)[O-])Oc1cc(cc(c1)C(=O)[O-])C(=O)[O-],
ENESOH,34.0,O,CO,,,,0.692,0.308,,,,,,,,,85,96,Cu,Cl,,,O=C(Cn1cnnn1)Nc1cccnc1,
EPOTAF,47.0,CN(C)C=O,C1COCCO1,CO,,,0.394,0.357,0.249,,,Cl,,,,,80,24,Cu,NO3,,,[O-]C(=O)c1ccc(cc1)OCC(COc1ccc(cc1)C(=O)[O-])(COc1ccc(cc1)C(=O)[O-])COc1ccc(cc1)C(=O)[O-],
EXOZIB,24.0,O,CO,,,,0.308,0.692,,,,C[O-].[Na+],,,,,25,504,Cu,NO3,,,[O-]C(=O)CCn1c(=O)n(CCC(=O)[O-])c(=O)n(c1=O)CCC(=O)[O-],
FECXES,62.0,O,CCO,,,,0.866,0.134,,,,[N+](=O)(O)[O-],,,,,100,72,Cu,NO3,,,[O-]C(=O)c1cc(OCC(COc2cc(cc(c2)C(=O)[O-])C(=O)[O-])(COc2cc(cc(c2)C(=O)[O-])C(=O)[O-])COc2cc(cc(c2)C(=O)[O-])C(=O)[O-])cc(c1)C(=O)[O-],
GAWMAU,78.2,O,,,,,1.0,,,,,C(CN)N,,,,,25,168,Cu,NO3,,,O=C1O[Cu]OC(=O)CN(C1)C1=NC(=[N]=C([N]1)N(CC(=O)[O-])CC(=O)[O-])N(CC(=O)[O-])CC(=O)[O-],
GEWXAJ,60.0,O,,,,,1.0,,,,,[OH-].[Na+],,,,,120,72,Cu,SO4,,,[O-]C(=O)c1cccc(c1)C(=O)[O-],
GIXMUX,86.0,O,CO,,,,0.692,0.308,,,,,,,,,100,24,Cu,OAc,,,[O-]C(=O)CC(C(=O)[O-])O,n1ccc(cc1)C=Cc1ccncc1
GUJREK,72.0,O,CC#N,,,,0.742,0.258,,,,,,,,,140,5,Cu,Cl,,,[O-]C(=O)c1cccc(c1)n1c(C)nnc1c1ccc(s1)c1nnc(n1c1cccc(c1)C(=O)[O-])C,
HAWZEM,,CN(C)C=O,,,,,1.0,,,,,,,,,,120,120,Cu,NO3,,,[O-]C(=O)c1ccncc1,
IDAGEA,70.0,O,CCO,,,,0.866,0.134,,,,[OH-].[Na+],,,,,25,252,Cu,NO3,,,NC(C(=O)[O-])Cc1ccccc1,n1ccc(cc1)c1ccncc1
JUTCIM,76.0,CC(=O)N(C)C,CCO,O,,,0.308,0.164,0.528,,,C(CO)O,,,,,85,24,Cu,NO3,,,[O-]C(=O)c1cc(N(=O)=O)c(c(c1)N(=O)=O)c1c(cc(cc1N(=O)=O)C(=O)[O-])N(=O)=O,
KADLOT,,CN(C)C=O,CC#N,,,,0.669,0.331,,,,,,,,,85,48,Cu,I,,,[O-]C(=O)c1ccc(cc1)c1cncnc1,
KOMFUO,55.0,O,,,,,1.0,,,,,,,,,,25,252,Cu,NO3,,,n1ncn(c1)n1cnnc1,
LABJUV,48.0,CC#N,,,,,1.0,,,,,,,,,,175,72,Cu,I|BF4,,,n1ccc(cc1)c1cc(c2ccncc2)c(cc1c1ccncc1)c1ccncc1,
LAGHIL,91.0,CO,,,,,1.0,,,,,,,,,,65,6,Cu,Cl,,,[O-]C(=O)c1cccnc1,
LEVDIB,45.0,CN(C)C=O,CCO,O,,,0.497,0.22,0.283,,,Cl,,,,,90,48,Cu,NO3,,,Clc1ccc2c(c1)c(cc(c2c1c([O])cc(c2c1ccc(c2)Cl)c1cc(cc(c1)C(=O)[O-])C(=O)[O-])[O])c1cc(cc(c1)C(=O)[O-])C(=O)[O-],
LIKDOA,79.0,CN(C)C=O,O,,,,0.539,0.461,,,,Cl,,,,,65,48,Cu,NO3,,,[O-]C(=O)C1=[C]C2=C3C(=[C]C(=[C]C3=[C]C(=[C]2)C(=O)[O-])C(=O)[O-])[C]1,
MAQBIS,73.0,CN(C)C=O,O,,,,0.701,0.299,,,,,,,,,70,24,Cu,NO3,,,COc1cc(cc(c1c1c(OC)cc(cc1OC)C(=O)[O-])OC)C(=O)[O-],
MEHMET,75.0,CN(C)C=O,CCO,,,,0.43,0.57,,,,Cl,,,,,80,48,Cu,NO3,,,[O-]C(=O)c1cc(C#CC#Cc2cc(C#CC#Cc3cc(cc(c3)C(=O)[O-])C(=O)[O-])cc(c2)C#CC#Cc2cc(cc(c2)C(=O)[O-])C(=O)[O-])cc(c1)C(=O)[O-],
MUNDAC,65.0,CN(C)C=O,,,,,1.0,,,,,[N+](=O)(O)[O-],,,,,85,48,Cu,I,,,[O-]C(=O)c1cncc(c1)C(=O)[O-],
MUNDOQ,71.0,CN(C)C=O,,,,,1.0,,,,,[H+].[B-](F)(F)(F)F,,,,,85,12,Cu,I,,,[O-]C(=O)c1ccc(cc1)c1cncc(c1)C(=O)[O-],
OWIZAW,19.0,CCN(CC)C=O,O,,,,0.532,0.468,,,,Cl,,,,,80,48,Cu,NO3,,,[O-]C(=O)c1ccc(cc1)C#Cc1ccc(cc1)C(c1ccc(cc1)C#Cc1ccc(cc1)C(=O)[O-])(c1ccc(cc1)C#Cc1ccc(cc1)C(=O)[O-])c1ccc(cc1)C#Cc1ccc(cc1)C(=O)[O-],
OYIVIC,61.0,CN(C)C=O,CCO,,,,0.531,0.469,,,,,,,,,90,72,Cu,Cl,,,[O-]C(=O)c1ccc(cc1)C1=NN=N[N]1,[O-]C(=O)c1ccc(cc1)C1=N[N]N=N1
PEWLUA,60.0,CN(C)C=O,O,,,,0.539,0.461,,,,Cl,,,,,85,18,Cu,NO3,,,[O-]C(=O)c1cc(cc(c1)C(=O)[O-])n1nnc(c1)c1cc(cc(c1)c1nnn(c1)c1cc(cc(c1)C(=O)[O-])C(=O)[O-])c1nnn(c1)c1cc(cc(c1)C(=O)[O-])C(=O)[O-],
PODKUQ,52.0,CN(C)C=O,,,,,1.0,,,,,[H+].[B-](F)(F)(F)F,,,,,80,24,Cu,NO3,,,[O-]C(=O)c1cc(cc(c1)C(=O)[O-])n1nnc(c1)c1ccc(cc1)c1cc(cc(c1)c1ccc(cc1)c1nnn(c1)c1cc(cc(c1)C(=O)[O-])C(=O)[O-])c1ccc(cc1)c1nnn(c1)c1cc(cc(c1)C(=O)[O-])C(=O)[O-],
QEPZOB,62.0,CO,,,,,1.0,,,,,,,,,,25,240,Cu,OAc,,,Cc1c(c2c(C)c(c3ccncc3)c(c(c2C)c2ccncc2)C)c(C)c(c(c1c1ccncc1)C)c1ccncc1,
QIWCOQ,60.0,CN(C)C=O,O,,,,0.26,0.74,,,,CC(=O)O,,,,,100,48,Cu,NO3,,,,
RAZGOQ,76.0,O,,,,,1.0,,,,,[OH-].[K+],,,,,25,252,Cu,SO4,,,[O-]C(=O)C1C(C(=O)[O-])C(C1C(=O)[O-])C(=O)[O-],
RONWIA,,O,,,,,1.0,,,,,C(C(=O)O)C(CC(=O)O)(C(=O)O)O,,,,,5,252,Cu,CN,,,[C]#N,[C]#[C]
SEYNAM,,O,CO,,,,0.771,0.229,,,,,,,,,25,252,Cu,NO3,,,O=C1O[Cu]OC(=O)C1,n1ccc(cc1)c1ccncc1
TAPKAY,49.0,O,,,,,1.0,,,,,,,,,,160,120,Cu,CH3COO,,,[O]P(=O)(C(P(=O)([O])[O])(Cc1cccnc1)O)[O],
TEJQAC,46.0,O,,,,,1.0,,,,,[OH-].[Na+],,,,,160,72,Cu,NO3,,,[O-]C(=O)c1cccc(c1)C(=O)[O-],c1ccc(nc1)c1cc(cc(n1)c1ccccn1)c1ccc(cc1)n1ncnc1
UZEKEQ,43.0,O,,,,,1.0,,,,,,,,,,120,72,Cu,SO4,,,,
VETMIS,78.0,CC(=O)N(C)C,,,,,1.0,,,,,[H+].[B-](F)(F)(F)F,,,,,85,72,Cu,NO3,,,[O-]C(=O)c1ccc2c(c1)ccc(c2)N(c1ccc2c(c1)ccc(c2)C(=O)[O-])c1ccc(cc1)c1cc(cc(c1)c1ccc(cc1)N(c1ccc2c(c1)ccc(c2)C(=O)[O-])c1ccc2c(c1)ccc(c2)C(=O)[O-])c1ccc(cc1)N(c1ccc2c(c1)ccc(c2)C(=O)[O-])c1ccc2c(c1)ccc(c2)C(=O)[O-],
VOFFED,53.0,O,,,,,1.0,,,,,,,,,,90,24,Cu,NO3,,,,
